Rank,Company ID,Company Name,Total Score,Tier,Confidence,Reasons
1,98811462-cfde-42be-8e9d-a1e84f750962,Company_98811462,26.7,T3,High,Active website present; Strong Google Maps rating (4.7); Significant number of reviews (>50); Strong industry match (Retail); Serviceable geography (India); Product compatibility match: Ashwagandha; Sustained topic surge (3 topics); High pricing page visits; Import gap detected (supplier switch possible); Single stakeholder engaged; High stakeholder seniority (C-level/VP)
2,8f615aad-cb81-48b4-83e4-963682d5aeab,Company_8f615aad,0.0,Unqualified,High,Active website present; Average Google Maps rating (3.8); Partial industry match (Healthcare); High priority geography (Germany); Product compatibility match: Rice; Single stakeholder engaged; Medium stakeholder seniority (Director/Manager)
3,70e71ca8-738f-4e72-9e8e-68aea3216d13,Company_70e71ca8,0.0,Unqualified,High,Partial industry match (E-commerce); Serviceable geography (UAE); Product compatibility match: Turmeric; Broad buying committee (3 stakeholders); Medium stakeholder seniority (Director/Manager)
4,331be5e5-95ac-4608-8c7c-67908355a73e,Company_331be5e5,0.1,Unqualified,High,Strong industry match (Wholesale); High priority geography (USA); Product compatibility match: Rice; Single stakeholder engaged; High stakeholder seniority (C-level/VP)
5,046fa1f1-7446-4a0e-a9af-98fb3515fb33,Company_046fa1f1,0.5,Unqualified,High,Partial industry match (Healthcare); High priority geography (USA); Product compatibility match: Ashwagandha; High pricing page visits; Single stakeholder engaged; Medium stakeholder seniority (Director/Manager); Active competitor contract (–40%)
6,f733f314-77e4-4ae1-a5d3-81a482c598b1,Company_f733f314,3.0,Unqualified,High,Active website present; Strong Google Maps rating (4.8); Significant number of reviews (>50); Strong industry match (Retail); Serviceable geography (Netherlands); Product compatibility match: Rice; Strong operational certifications (WHO-GMP/ISO/FDA); Active hiring in operations/logistics; Minor topic surge (1 topics); High pricing page visits; Import gap detected (supplier switch possible); Broad buying committee (5 stakeholders); Medium stakeholder seniority (Director/Manager)
7,bc28cd10-8571-48d7-a00d-9fae0008fb4a,Company_bc28cd10,18.9,Unqualified,High,Active website present; Strong Google Maps rating (4.6); Significant number of reviews (>50); Partial industry match (Construction); High priority geography (Germany); No priority products found in portfolio (Quilts); Basic operational certifications present; Review site comparison activity; Import gap detected (supplier switch possible); Business trigger event (Funding round); Broad buying committee (5 stakeholders)
8,a69d0a63-b388-4c70-b8ae-5845628de53f,Company_a69d0a63,3.1,Unqualified,High,Partial industry match (E-commerce); Serviceable geography (Singapore); Product compatibility match: Turmeric; Sustained topic surge (4 topics); High pricing page visits; Business trigger event (Funding round); Single stakeholder engaged
9,5db07c19-71e0-46f8-9c0e-98ea63cb9838,Company_5db07c19,9.9,Unqualified,High,Active website present; Strong Google Maps rating (4.4); Significant number of reviews (>50); Partial industry match (Manufacturing); High priority geography (France); Product compatibility match: Turmeric; Minor topic surge (2 topics); Import gap detected (supplier switch possible); Broad buying committee (5 stakeholders); Medium stakeholder seniority (Director/Manager)
10,50fed773-f08f-417e-8fe2-0d5cf0687980,Company_50fed773,0.0,Unqualified,High,Partial industry match (Construction); High priority geography (France); Product compatibility match: Rice; Strong operational certifications (WHO-GMP/ISO/FDA); Sustained topic surge (5 topics); Review site comparison activity; Single stakeholder engaged; Medium stakeholder seniority (Director/Manager)
11,9f004b86-0ed8-4a23-8b98-8fcb182e86f7,Company_9f004b86,0.4,Unqualified,High,Partial industry match (E-commerce); Serviceable geography (Saudi Arabia); Product compatibility match: Rice; Multiple stakeholders engaged (2); High stakeholder seniority (C-level/VP)
12,8f556913-cb80-47ec-b371-469804108ce3,Company_8f556913,26.5,T1,High,Active website present; Strong Google Maps rating (4.1); Significant number of reviews (>50); Partial industry match (E-commerce); Serviceable geography (Qatar); No priority products found in portfolio (Textiles|Spices); Explicit sourcing action (RFP published); Sustained topic surge (3 topics); High pricing page visits; Multiple stakeholders engaged (2); Medium stakeholder seniority (Director/Manager)
13,8f44a040-79a8-4759-8cad-6752e232a372,Company_8f44a040,0.0,Unqualified,High,Active website present; Average Google Maps rating (3.7); Strong industry match (Wholesale); Serviceable geography (Qatar); Product compatibility match: Rice; Active hiring in operations/logistics; Review site comparison activity; Single stakeholder engaged; High stakeholder seniority (C-level/VP); Hiring freeze/layoffs (–25%)
14,f5b80feb-3fd1-4f7e-92c4-658f2d39933c,Company_f5b80feb,0.0,T1,High,Partial industry match (Healthcare); High priority geography (USA); Product compatibility match: Ashwagandha; Explicit sourcing action (Quote requested); Minor topic surge (2 topics); Business trigger event (New facility); Single stakeholder engaged
15,b9676e7b-cfa8-49ef-8c29-c88135ba2deb,Company_b9676e7b,1.1,Unqualified,High,Active website present; Strong Google Maps rating (4.9); Significant number of reviews (>50); Strong industry match (Wholesale); Serviceable geography (India); Product compatibility match: Turmeric; Strong operational certifications (WHO-GMP/ISO/FDA); Active hiring in operations/logistics; Minor topic surge (2 topics); High pricing page visits; Review site comparison activity; Business trigger event (M&A); Single stakeholder engaged; High stakeholder seniority (C-level/VP); Active competitor contract (–40%)
16,4e1270c0-6a9e-4930-a727-9957baba5897,Company_4e1270c0,0.1,Unqualified,High,Active website present; Average Google Maps rating (3.2); Partial industry match (Manufacturing); Serviceable geography (UAE); Product compatibility match: Turmeric; Minor topic surge (2 topics); Review site comparison activity; Business trigger event (M&A); Broad buying committee (5 stakeholders); Medium stakeholder seniority (Director/Manager)
17,e7771f76-08ab-4bbb-9e18-683eda29295e,Company_e7771f76,12.9,Unqualified,High,Active website present; Strong Google Maps rating (4.1); Significant number of reviews (>50); Partial industry match (Construction); Serviceable geography (India); Product compatibility match: Ashwagandha; Strong operational certifications (WHO-GMP/ISO/FDA); Sustained topic surge (5 topics); High pricing page visits; Business trigger event (New facility); Single stakeholder engaged; High stakeholder seniority (C-level/VP)
18,bd68a4a0-bec4-4f80-a897-7202f3b9393f,Company_bd68a4a0,0.8,Unqualified,High,Partial industry match (Construction); Serviceable geography (UAE); No priority products found in portfolio (Quilts); Single stakeholder engaged; High stakeholder seniority (C-level/VP)
19,06d52a15-5413-4759-ba02-7ba85c7c415c,Company_06d52a15,3.3,Unqualified,High,Partial industry match (Healthcare); Serviceable geography (Singapore); Product compatibility match: Ashwagandha; Review site comparison activity; Single stakeholder engaged
20,b8aa2b58-da02-48cf-8b32-3f7d683f7e7a,Company_b8aa2b58,0.0,Unqualified,High,Partial industry match (Construction); Serviceable geography (Saudi Arabia); No priority products found in portfolio (Quilts|Carpets|Blankets); Active hiring in operations/logistics; Single stakeholder engaged; No engagement in >180 days (–15%)
21,8c76a9ab-43e2-476a-86f5-28afb18ae024,Company_8c76a9ab,15.0,Unqualified,High,Active website present; Average Google Maps rating (3.9); Strong industry match (Retail); High priority geography (France); Product compatibility match: Ashwagandha; Strong operational certifications (WHO-GMP/ISO/FDA); Review site comparison activity; Business trigger event (M&A); Multiple stakeholders engaged (2); High stakeholder seniority (C-level/VP)
22,84e9f6ff-227a-45fc-8303-10154c7adeb1,Company_84e9f6ff,43.2,T1,High,Active website present; Strong Google Maps rating (4.9); Significant number of reviews (>50); Strong industry match (Retail); High priority geography (France); Product compatibility match: Rice; Product compatibility match: Turmeric; Strong operational certifications (WHO-GMP/ISO/FDA); Active hiring in operations/logistics; Explicit sourcing action (RFP published); Sustained topic surge (3 topics); Review site comparison activity; Import gap detected (supplier switch possible); Business trigger event (New facility); Broad buying committee (4 stakeholders)
23,63483fe2-5a9c-4cd9-9685-a6861e14bb28,Company_63483fe2,0.0,Unqualified,High,Partial industry match (Construction); Serviceable geography (Netherlands); No priority products found in portfolio (Quilts); Business trigger event (Funding round); Single stakeholder engaged; Active competitor contract (–40%); Hiring freeze/layoffs (–25%)
24,28e06a13-2074-4d46-88fa-3148df446423,Company_28e06a13,0.1,Unqualified,High,Partial industry match (E-commerce); High priority geography (UK); No priority products found in portfolio (Blankets); Multiple stakeholders engaged (2)
25,286a126f-d0cc-425d-94cd-02f4d5b2ecff,Company_286a126f,11.8,Unqualified,High,Active website present; Strong Google Maps rating (4.5); Significant number of reviews (>50); Partial industry match (Healthcare); High priority geography (France); No priority products found in portfolio (Spices); Strong operational certifications (WHO-GMP/ISO/FDA); High pricing page visits; Review site comparison activity; Single stakeholder engaged; High stakeholder seniority (C-level/VP)
26,a96cf2ff-3914-4f71-88bf-49838797d5e1,Company_a96cf2ff,0.6,Unqualified,High,Active website present; Average Google Maps rating (3.5); Partial industry match (Healthcare); High priority geography (Germany); Product compatibility match: Turmeric; Sustained topic surge (3 topics); Review site comparison activity; Import gap detected (supplier switch possible); Single stakeholder engaged
27,4797e0d5-502b-4338-b500-14fc49416de5,Company_4797e0d5,0.0,Unqualified,High,Partial industry match (E-commerce); Serviceable geography (India); Product compatibility match: Ashwagandha; Strong operational certifications (WHO-GMP/ISO/FDA); Business trigger event (M&A); Single stakeholder engaged; Active competitor contract (–40%)
28,f6d47881-146d-4963-a41f-1e199e8296f1,Company_f6d47881,0.0,Unqualified,High,Active website present; Strong industry match (Retail); Serviceable geography (Singapore); No priority products found in portfolio (Electronics); High pricing page visits; Business trigger event (M&A); Broad buying committee (4 stakeholders); High stakeholder seniority (C-level/VP)
29,05043608-3ae5-4362-8a48-34eaee4e64f0,Company_05043608,0.2,Unqualified,High,Partial industry match (Healthcare); Serviceable geography (Singapore); Product compatibility match: Rice; Strong operational certifications (WHO-GMP/ISO/FDA); Single stakeholder engaged; Hiring freeze/layoffs (–25%)
30,79ece75a-c189-4b55-bbf0-efca5b2ec5c3,Company_79ece75a,13.4,Unqualified,High,Active website present; Average Google Maps rating (3.1); Strong industry match (Retail); High priority geography (UK); No priority products found in portfolio (Textiles); Business trigger event (Funding round); Single stakeholder engaged; High stakeholder seniority (C-level/VP)
31,9ac5c714-b523-4d54-bbf1-af4b2cff7fd9,Company_9ac5c714,0.0,Unqualified,High,Strong industry match (Distribution); Serviceable geography (UAE); Product compatibility match: Turmeric; Sustained topic surge (3 topics); Single stakeholder engaged
32,0f6fe599-6921-43bf-b164-477b34e80698,Company_0f6fe599,0.0,Unqualified,High,Partial industry match (Manufacturing); High priority geography (UK); Product compatibility match: Turmeric; Single stakeholder engaged
33,903133c1-faf7-468a-8e0d-13be1b9f10f0,Company_903133c1,49.3,T2,High,Active website present; Strong Google Maps rating (4.6); Significant number of reviews (>50); Strong industry match (Retail); Serviceable geography (Qatar); Product compatibility match: Rice; Basic operational certifications present; High pricing page visits; Import gap detected (supplier switch possible); Business trigger event (Funding round); Broad buying committee (4 stakeholders); Medium stakeholder seniority (Director/Manager)
34,9b4aa2bc-dd9e-40d9-9c62-b946a85552e9,Company_9b4aa2bc,0.0,Unqualified,High,Partial industry match (Construction); Serviceable geography (India); No priority products found in portfolio (Electronics|Spices|Carpets); Single stakeholder engaged; High stakeholder seniority (C-level/VP)
35,16480772-4b4e-4ab7-a268-1e45a3b03c2e,Company_16480772,7.0,Unqualified,High,Active website present; Average Google Maps rating (3.0); Partial industry match (Construction); Serviceable geography (Netherlands); No priority products found in portfolio (Electronics); Strong operational certifications (WHO-GMP/ISO/FDA); Single stakeholder engaged
36,538b2063-1d2f-4552-8aae-216a93f89b8d,Company_538b2063,11.1,Unqualified,High,Active website present; Average Google Maps rating (3.9); Partial industry match (E-commerce); Serviceable geography (Qatar); Product compatibility match: Ashwagandha; Active hiring in operations/logistics; Minor topic surge (1 topics); High pricing page visits; Review site comparison activity; Business trigger event (New facility); Single stakeholder engaged; Medium stakeholder seniority (Director/Manager)
37,31467035-efe7-4c57-a507-491500b87755,Company_31467035,3.9,Unqualified,High,Active website present; Average Google Maps rating (3.1); Partial industry match (Healthcare); Serviceable geography (Qatar); No priority products found in portfolio (Textiles); Basic operational certifications present; Review site comparison activity; Business trigger event (New facility); Single stakeholder engaged; Medium stakeholder seniority (Director/Manager)
38,85f5d43c-8111-4e95-87a1-8f15abb66564,Company_85f5d43c,0.3,Unqualified,High,Active website present; Average Google Maps rating (3.8); Partial industry match (Manufacturing); High priority geography (UK); Product compatibility match: Turmeric; Product compatibility match: Ashwagandha; Active hiring in operations/logistics; Minor topic surge (1 topics); Business trigger event (Funding round); Single stakeholder engaged; Medium stakeholder seniority (Director/Manager)
39,449a540d-0f76-4e10-b1c5-205dc839e010,Company_449a540d,10.7,Unqualified,High,Active website present; Average Google Maps rating (3.5); Strong industry match (Wholesale); Serviceable geography (Singapore); Product compatibility match: Turmeric; Strong operational certifications (WHO-GMP/ISO/FDA); High pricing page visits; Single stakeholder engaged; High stakeholder seniority (C-level/VP)
40,29c11d10-d04a-40a4-9dae-d1399965d6ea,Company_29c11d10,11.7,Unqualified,High,Active website present; Strong Google Maps rating (4.0); Partial industry match (Healthcare); Serviceable geography (Qatar); Product compatibility match: Ashwagandha; Product compatibility match: Turmeric; Strong operational certifications (WHO-GMP/ISO/FDA); Minor topic surge (2 topics); Business trigger event (New facility); Single stakeholder engaged
41,4001cae2-3bc9-46fd-a8c0-92557cb46df9,Company_4001cae2,0.0,Unqualified,High,Active website present; Average Google Maps rating (3.6); Strong industry match (Wholesale); Serviceable geography (UAE); Product compatibility match: Rice; High pricing page visits; Business trigger event (New facility); Broad buying committee (4 stakeholders); Medium stakeholder seniority (Director/Manager)
42,db2135ff-7824-40ed-ba02-60605017f724,Company_db2135ff,0.0,T1,High,Active website present; Strong Google Maps rating (4.7); Significant number of reviews (>50); Strong industry match (Wholesale); Serviceable geography (Netherlands); Product compatibility match: Turmeric; Active hiring in operations/logistics; Explicit sourcing action (RFP published); Minor topic surge (2 topics); High pricing page visits; Multiple stakeholders engaged (2); High stakeholder seniority (C-level/VP)
43,aa103524-f80c-4ab7-ae7d-d4ea1aa5f696,Company_aa103524,6.6,Unqualified,High,Active website present; Strong Google Maps rating (4.4); Significant number of reviews (>50); Partial industry match (Healthcare); High priority geography (USA); No priority products found in portfolio (Carpets|Spices|Textiles); Minor topic surge (2 topics); High pricing page visits; Review site comparison activity; Import gap detected (supplier switch possible); Broad buying committee (3 stakeholders); Medium stakeholder seniority (Director/Manager); Active competitor contract (–40%)
44,8d66f589-faa5-40c8-8e6f-c81fcca72015,Company_8d66f589,1.3,T1,High,Active website present; Strong Google Maps rating (4.5); Significant number of reviews (>50); Partial industry match (Healthcare); Serviceable geography (Qatar); No priority products found in portfolio (Electronics|Spices|Textiles); Active hiring in operations/logistics; Explicit sourcing action (RFP published); High pricing page visits; Review site comparison activity; Import gap detected (supplier switch possible); Business trigger event (New facility); Single stakeholder engaged; High stakeholder seniority (C-level/VP)
45,88537dfc-15d3-42b4-94b0-89bdfe7e2da8,Company_88537dfc,17.8,T1,High,Active website present; Average Google Maps rating (3.1); Strong industry match (Wholesale); Serviceable geography (UAE); No priority products found in portfolio (Textiles); Explicit sourcing action (Quote requested); Sustained topic surge (5 topics); Review site comparison activity; Business trigger event (New facility); Broad buying committee (3 stakeholders); High stakeholder seniority (C-level/VP)
46,186d8c79-4c6e-4d1e-ab22-c00640056da1,Company_186d8c79,0.1,Unqualified,High,Active website present; Average Google Maps rating (3.5); Strong industry match (Wholesale); High priority geography (USA); Product compatibility match: Turmeric; Strong operational certifications (WHO-GMP/ISO/FDA); Single stakeholder engaged; High stakeholder seniority (C-level/VP)
47,80f553d6-a75b-4c7f-85bd-f1184ec48ce6,Company_80f553d6,0.0,Unqualified,High,Active website present; Average Google Maps rating (3.4); Strong industry match (Retail); High priority geography (France); Product compatibility match: Turmeric; Product compatibility match: Rice; Product compatibility match: Ashwagandha; Import gap detected (supplier switch possible); Single stakeholder engaged; High stakeholder seniority (C-level/VP); No engagement in >180 days (–15%)
48,5ea8f403-dc53-4422-ac2c-e7cce96b0414,Company_5ea8f403,0.1,Unqualified,High,Partial industry match (E-commerce); Serviceable geography (India); Product compatibility match: Rice; Single stakeholder engaged
49,1f6d9e0e-a3e2-4043-90f0-2455cd190a25,Company_1f6d9e0e,8.6,Unqualified,High,Active website present; Strong Google Maps rating (4.0); Partial industry match (E-commerce); Serviceable geography (Singapore); No priority products found in portfolio (Spices); Active hiring in operations/logistics; Broad buying committee (3 stakeholders); Medium stakeholder seniority (Director/Manager)
50,4637b2c2-5050-48e4-89f6-c451d4096220,Company_4637b2c2,26.8,T3,High,Active website present; Strong Google Maps rating (4.4); Significant number of reviews (>50); Strong industry match (Wholesale); Serviceable geography (India); Product compatibility match: Rice; Active hiring in operations/logistics; Minor topic surge (1 topics); Review site comparison activity; Business trigger event (Funding round); Single stakeholder engaged; Hiring freeze/layoffs (–25%)
51,3f91f021-6fed-48bd-8ae0-e3a166491b21,Company_3f91f021,0.0,Unqualified,High,Active website present; Average Google Maps rating (3.2); Partial industry match (Manufacturing); Serviceable geography (UAE); No priority products found in portfolio (Carpets); Strong operational certifications (WHO-GMP/ISO/FDA); Minor topic surge (2 topics); Single stakeholder engaged; High stakeholder seniority (C-level/VP)
52,f511c94e-385b-42ad-b159-a5850e1fc7cb,Company_f511c94e,14.7,Unqualified,High,Active website present; Strong industry match (Distribution); High priority geography (UK); Product compatibility match: Ashwagandha; Strong operational certifications (WHO-GMP/ISO/FDA); Minor topic surge (1 topics); High pricing page visits; Single stakeholder engaged; High stakeholder seniority (C-level/VP)
53,e9e21878-528a-4894-a4ef-dc4d2cae82c5,Company_e9e21878,0.0,Unqualified,High,Active website present; Average Google Maps rating (3.6); Partial industry match (Manufacturing); Serviceable geography (India); Product compatibility match: Ashwagandha; Active hiring in operations/logistics; Sustained topic surge (4 topics); High pricing page visits; Single stakeholder engaged; High stakeholder seniority (C-level/VP)
54,b49d0dd6-4d0e-4cb8-a48c-4824f6f4cc68,Company_b49d0dd6,0.0,Unqualified,High,Strong industry match (Retail); Serviceable geography (Netherlands); No priority products found in portfolio (Electronics|Carpets|Spices); Business trigger event (M&A); Single stakeholder engaged; High stakeholder seniority (C-level/VP)
55,832adb47-a276-4deb-8146-0f4321063fd9,Company_832adb47,35.2,T3,High,Active website present; Average Google Maps rating (3.5); Strong industry match (Wholesale); Serviceable geography (Saudi Arabia); Product compatibility match: Turmeric; High pricing page visits; Import gap detected (supplier switch possible); Single stakeholder engaged; Medium stakeholder seniority (Director/Manager)
56,10550f9b-09be-4375-b7a7-37c4605a28e8,Company_10550f9b,21.7,T1,High,Active website present; Partial industry match (E-commerce); Serviceable geography (India); Product compatibility match: Ashwagandha; Explicit sourcing action (Quote requested); Single stakeholder engaged; High stakeholder seniority (C-level/VP)
57,7f33e88e-b81d-40fa-82fc-d15e3a9148ae,Company_7f33e88e,0.1,Unqualified,High,Active website present; Partial industry match (Manufacturing); High priority geography (USA); Product compatibility match: Turmeric; Business trigger event (New facility); Broad buying committee (5 stakeholders); High stakeholder seniority (C-level/VP)
58,6e67ff21-ecea-4057-9f4f-352e036ad64c,Company_6e67ff21,8.7,Unqualified,High,Partial industry match (Healthcare); High priority geography (UK); Product compatibility match: Turmeric; Product compatibility match: Ashwagandha; Single stakeholder engaged
59,e95f1f08-96fb-4184-9929-8f120ee32fbf,Company_e95f1f08,0.0,Unqualified,High,Strong Google Maps rating (4.4); Significant number of reviews (>50); Strong industry match (Retail); Serviceable geography (Netherlands); No priority products found in portfolio (Electronics); Basic operational certifications present; Minor topic surge (1 topics); Review site comparison activity; Import gap detected (supplier switch possible); Broad buying committee (4 stakeholders); High stakeholder seniority (C-level/VP); No engagement in >180 days (–15%)
60,acf98746-a09c-46c4-97b2-9e6208cc5b8c,Company_acf98746,14.4,T1,High,Average Google Maps rating (3.3); Partial industry match (Construction); Serviceable geography (Qatar); No priority products found in portfolio (Carpets); Active hiring in operations/logistics; Explicit sourcing action (Quote requested); Review site comparison activity; Broad buying committee (3 stakeholders)
61,2509e6b2-2556-4c2e-8a03-f403609b8bce,Company_2509e6b2,25.3,T3,High,Average Google Maps rating (3.7); Strong industry match (Wholesale); High priority geography (Germany); No priority products found in portfolio (Spices); High pricing page visits; Business trigger event (Funding round); Single stakeholder engaged
62,afd71b8c-39c8-4149-ae20-ba697008bff0,Company_afd71b8c,21.7,T3,High,Active website present; Partial industry match (E-commerce); High priority geography (UK); Product compatibility match: Ashwagandha; Active hiring in operations/logistics; High pricing page visits; Single stakeholder engaged; High stakeholder seniority (C-level/VP); Financial distress (–20%)
63,79851dad-de02-4df4-90a9-dd6b257971d6,Company_79851dad,1.1,Unqualified,High,Partial industry match (Healthcare); Serviceable geography (Qatar); No priority products found in portfolio (Electronics); Single stakeholder engaged
64,af28bef6-258f-4e8c-8f00-f13d5804077f,Company_af28bef6,0.0,Unqualified,High,Active website present; Strong industry match (Retail); High priority geography (Germany); Product compatibility match: Rice; Review site comparison activity; Business trigger event (M&A); Broad buying committee (3 stakeholders)
65,f51c0bc7-7c8a-4623-a684-ffca62984c68,Company_f51c0bc7,2.5,Unqualified,High,Active website present; Average Google Maps rating (3.9); Strong industry match (Wholesale); High priority geography (Germany); Product compatibility match: Ashwagandha; Business trigger event (M&A); Single stakeholder engaged
66,3561082c-cbb9-422f-aaa6-97013594b01e,Company_3561082c,15.8,T1,High,Active website present; Strong Google Maps rating (4.1); Significant number of reviews (>50); Partial industry match (Healthcare); High priority geography (USA); Product compatibility match: Ashwagandha; Product compatibility match: Rice; Product compatibility match: Turmeric; Strong operational certifications (WHO-GMP/ISO/FDA); Active hiring in operations/logistics; Explicit sourcing action (Quote requested); Sustained topic surge (3 topics); Review site comparison activity; Business trigger event (New facility); Single stakeholder engaged; Medium stakeholder seniority (Director/Manager)
67,47dc5ae8-d9a5-4a83-ad06-4ca67c4dcf30,Company_47dc5ae8,0.0,Unqualified,High,Active website present; Average Google Maps rating (3.0); Strong industry match (Wholesale); Serviceable geography (Qatar); Product compatibility match: Rice; Active hiring in operations/logistics; High pricing page visits; Single stakeholder engaged
68,8a487596-ed71-45dd-aafb-bf7500602543,Company_8a487596,0.2,Unqualified,High,Strong industry match (Distribution); High priority geography (France); Product compatibility match: Turmeric; High pricing page visits; Single stakeholder engaged; Active competitor contract (–40%)
69,ebf96dc0-f4ee-4112-be66-a5704f635605,Company_ebf96dc0,1.1,T1,High,Average Google Maps rating (3.6); Partial industry match (E-commerce); Serviceable geography (India); Product compatibility match: Turmeric; Explicit sourcing action (Quote requested); High pricing page visits; Review site comparison activity; Single stakeholder engaged
70,2c90d956-a203-4500-8b6e-0990101224f4,Company_2c90d956,0.0,Unqualified,High,Partial industry match (E-commerce); Serviceable geography (Saudi Arabia); Product compatibility match: Turmeric; Single stakeholder engaged; Medium stakeholder seniority (Director/Manager)
71,d78d7675-228d-4646-a416-e1c29b7c0d6b,Company_d78d7675,0.0,Unqualified,High,Active website present; Strong Google Maps rating (4.0); Partial industry match (Manufacturing); High priority geography (USA); Product compatibility match: Turmeric; Product compatibility match: Rice; Active hiring in operations/logistics; Review site comparison activity; Single stakeholder engaged; High stakeholder seniority (C-level/VP); No engagement in >180 days (–15%)
72,2ca378a4-a9d3-4ea2-ac0f-486867ebf467,Company_2ca378a4,13.6,Unqualified,High,Active website present; Average Google Maps rating (3.7); Strong industry match (Retail); Serviceable geography (Singapore); Product compatibility match: Turmeric; High pricing page visits; Import gap detected (supplier switch possible); Single stakeholder engaged; Medium stakeholder seniority (Director/Manager)
73,b556b760-cdef-431a-aaa6-6efb3a81d0ec,Company_b556b760,20.4,T3,High,Active website present; Average Google Maps rating (3.5); Partial industry match (Construction); Serviceable geography (Singapore); No priority products found in portfolio (Carpets|Quilts); Sustained topic surge (5 topics); High pricing page visits; Review site comparison activity; Import gap detected (supplier switch possible); Single stakeholder engaged; Medium stakeholder seniority (Director/Manager)
74,3e5c45f2-d18e-4428-bd56-f88b6437faa8,Company_3e5c45f2,0.9,Unqualified,High,Strong industry match (Retail); Serviceable geography (India); Product compatibility match: Ashwagandha; Product compatibility match: Rice; Single stakeholder engaged; High stakeholder seniority (C-level/VP)
75,f8f0a48d-09eb-4f68-85ea-917e73f17310,Company_f8f0a48d,12.4,Unqualified,High,Average Google Maps rating (3.6); Strong industry match (Retail); High priority geography (Germany); Product compatibility match: Ashwagandha; Strong operational certifications (WHO-GMP/ISO/FDA); Active hiring in operations/logistics; Import gap detected (supplier switch possible); Business trigger event (New facility); Single stakeholder engaged
76,5b3b684e-8ae8-424f-a8a2-233192d61376,Company_5b3b684e,0.3,Unqualified,High,Active website present; Average Google Maps rating (3.4); Strong industry match (Wholesale); Serviceable geography (Qatar); No priority products found in portfolio (Blankets|Carpets); Active hiring in operations/logistics; Minor topic surge (2 topics); Review site comparison activity; Multiple stakeholders engaged (2)
77,1b45b8e8-189f-439e-9bd0-cff68d0717ec,Company_1b45b8e8,0.7,Unqualified,High,Active website present; Average Google Maps rating (3.1); Strong industry match (Wholesale); Serviceable geography (Netherlands); No priority products found in portfolio (Carpets|Textiles); Sustained topic surge (5 topics); Review site comparison activity; Single stakeholder engaged
78,7e2d8c94-507f-4b9c-9103-141ff7702903,Company_7e2d8c94,10.7,Unqualified,High,Active website present; Average Google Maps rating (3.6); Partial industry match (E-commerce); Serviceable geography (India); Product compatibility match: Ashwagandha; Strong operational certifications (WHO-GMP/ISO/FDA); Import gap detected (supplier switch possible); Broad buying committee (4 stakeholders)
79,76b9791e-022d-4913-8228-b0bf7f799169,Company_76b9791e,0.1,Unqualified,High,Average Google Maps rating (3.3); Partial industry match (Manufacturing); Serviceable geography (Singapore); Product compatibility match: Ashwagandha; Active hiring in operations/logistics; Sustained topic surge (4 topics); High pricing page visits; Review site comparison activity; Business trigger event (M&A); Single stakeholder engaged; Medium stakeholder seniority (Director/Manager)
80,05291f90-0bd4-4d51-a5a9-9b66b5b559c7,Company_05291f90,7.3,Unqualified,High,Active website present; Average Google Maps rating (3.9); Partial industry match (E-commerce); Serviceable geography (Singapore); Product compatibility match: Turmeric; Sustained topic surge (5 topics); High pricing page visits; Single stakeholder engaged
81,7090b450-134c-4b13-b4c5-d0e88972db45,Company_7090b450,0.1,Unqualified,High,Active website present; Average Google Maps rating (3.6); Partial industry match (Healthcare); Serviceable geography (UAE); Product compatibility match: Rice; Product compatibility match: Turmeric; Sustained topic surge (4 topics); Broad buying committee (5 stakeholders); High stakeholder seniority (C-level/VP)
82,1312d563-539b-4c14-867d-1c6d5a2948a5,Company_1312d563,0.1,Unqualified,High,Active website present; Partial industry match (Healthcare); Serviceable geography (Netherlands); Product compatibility match: Turmeric; Sustained topic surge (3 topics); High pricing page visits; Single stakeholder engaged; High stakeholder seniority (C-level/VP)
83,0cfd56ac-0338-46b6-890b-6953b9672da5,Company_0cfd56ac,4.2,Unqualified,High,Active website present; Strong Google Maps rating (4.6); Significant number of reviews (>50); Strong industry match (Retail); Serviceable geography (Netherlands); Product compatibility match: Turmeric; Active hiring in operations/logistics; Minor topic surge (1 topics); Review site comparison activity; Import gap detected (supplier switch possible); Broad buying committee (4 stakeholders); Medium stakeholder seniority (Director/Manager)
84,2af2ddc6-ac73-4d9f-b099-db913c74b891,Company_2af2ddc6,23.5,T3,High,Active website present; Average Google Maps rating (3.3); Partial industry match (Healthcare); High priority geography (Germany); Product compatibility match: Turmeric; Single stakeholder engaged; High stakeholder seniority (C-level/VP)
85,127a6182-ec55-48ba-8526-c1c50b510ca0,Company_127a6182,0.6,Unqualified,High,Partial industry match (Healthcare); High priority geography (Germany); Product compatibility match: Ashwagandha; Single stakeholder engaged
86,3439de5a-8543-4f0f-a13a-fcbb6943d18a,Company_3439de5a,23.8,T3,High,Active website present; Average Google Maps rating (3.6); Strong industry match (Retail); High priority geography (USA); No priority products found in portfolio (Blankets); Business trigger event (M&A); Single stakeholder engaged
87,40ac7033-01fe-44ef-b686-21b88a62b316,Company_40ac7033,16.9,Unqualified,High,Strong Google Maps rating (4.7); Significant number of reviews (>50); Partial industry match (Healthcare); High priority geography (USA); Product compatibility match: Turmeric; Active hiring in operations/logistics; Minor topic surge (2 topics); Review site comparison activity; Multiple stakeholders engaged (2); High stakeholder seniority (C-level/VP); Financial distress (–20%)
88,c32011ee-b251-40a7-9853-8a412ec3ef61,Company_c32011ee,6.9,Unqualified,High,Partial industry match (E-commerce); Serviceable geography (UAE); Product compatibility match: Ashwagandha; Basic operational certifications present; Sustained topic surge (4 topics); Single stakeholder engaged
89,830ff479-9233-400c-8494-d358aed8541f,Company_830ff479,4.2,Unqualified,High,Partial industry match (Healthcare); Serviceable geography (Singapore); Product compatibility match: Turmeric; Single stakeholder engaged
90,eefa0946-d399-4f4b-8c07-48f8bd32e8fe,Company_eefa0946,0.0,Unqualified,High,Active website present; Partial industry match (Manufacturing); High priority geography (Germany); Product compatibility match: Ashwagandha; Active hiring in operations/logistics; Review site comparison activity; Single stakeholder engaged; Active competitor contract (–40%)
91,fb2ba8ed-186e-460c-ab06-b16f52ca1308,Company_fb2ba8ed,34.9,T3,High,Active website present; Strong Google Maps rating (4.6); Significant number of reviews (>50); Partial industry match (E-commerce); Serviceable geography (UAE); Product compatibility match: Rice; Strong operational certifications (WHO-GMP/ISO/FDA); Active hiring in operations/logistics; Review site comparison activity; Business trigger event (M&A); Single stakeholder engaged; Medium stakeholder seniority (Director/Manager)
92,d288c640-da9a-461d-a247-124276475c99,Company_d288c640,0.0,Unqualified,High,Active website present; Average Google Maps rating (3.3); Partial industry match (E-commerce); High priority geography (France); Product compatibility match: Rice; Product compatibility match: Turmeric; Sustained topic surge (4 topics); High pricing page visits; Broad buying committee (4 stakeholders); Active competitor contract (–40%)
93,88f07ce8-ed1c-433e-9e70-911c7ef9f018,Company_88f07ce8,0.2,Unqualified,High,Partial industry match (Construction); Serviceable geography (India); No priority products found in portfolio (Carpets); Single stakeholder engaged; Medium stakeholder seniority (Director/Manager); Active competitor contract (–40%)
94,139c2596-f2cf-4157-b750-d9add56c49e3,Company_139c2596,1.9,Unqualified,High,Strong industry match (Distribution); Serviceable geography (Singapore); Product compatibility match: Rice; Business trigger event (New facility); Single stakeholder engaged
95,ccf21483-f08b-47df-a1cb-a6cd420a945e,Company_ccf21483,0.0,Unqualified,High,Strong industry match (Wholesale); Serviceable geography (Saudi Arabia); Product compatibility match: Rice; Single stakeholder engaged; Active competitor contract (–40%); No engagement in >180 days (–15%)
96,4e22ae8a-6ba1-4602-b6f1-00fbe0a33c23,Company_4e22ae8a,0.0,Unqualified,High,Partial industry match (E-commerce); High priority geography (Germany); No priority products found in portfolio (Quilts|Carpets|Electronics); Review site comparison activity; Single stakeholder engaged
97,efd3b582-644d-4bee-97a2-07da1d4a3ff0,Company_efd3b582,6.8,T1,High,Active website present; Partial industry match (Healthcare); High priority geography (UK); No priority products found in portfolio (Blankets); Strong operational certifications (WHO-GMP/ISO/FDA); Explicit sourcing action (Quote requested); Sustained topic surge (4 topics); High pricing page visits; Review site comparison activity; Single stakeholder engaged
98,a93d32b5-76c2-45c3-8129-c236706e69a0,Company_a93d32b5,8.3,Unqualified,High,Partial industry match (Construction); High priority geography (Germany); No priority products found in portfolio (Spices); Active hiring in operations/logistics; Sustained topic surge (4 topics); High pricing page visits; Business trigger event (M&A); Broad buying committee (5 stakeholders); Medium stakeholder seniority (Director/Manager)
99,5097982b-3973-4ea6-acc6-cce29324f2f0,Company_5097982b,0.0,T1,High,Active website present; Average Google Maps rating (3.6); Partial industry match (E-commerce); Serviceable geography (Saudi Arabia); No priority products found in portfolio (Blankets|Spices); Strong operational certifications (WHO-GMP/ISO/FDA); Active hiring in operations/logistics; Explicit sourcing action (Quote requested); Review site comparison activity; Single stakeholder engaged; Medium stakeholder seniority (Director/Manager); No engagement in >180 days (–15%)
100,c13e8807-7adb-41e4-9222-0c72add2eb4e,Company_c13e8807,0.7,Unqualified,High,Strong industry match (Distribution); Serviceable geography (UAE); Product compatibility match: Rice; Single stakeholder engaged
101,82cb67ff-c3d7-4887-afc7-2b269a7c8850,Company_82cb67ff,1.7,Unqualified,High,Strong industry match (Distribution); High priority geography (USA); No priority products found in portfolio (Blankets|Textiles|Carpets); Active hiring in operations/logistics; Single stakeholder engaged
102,671037ee-3bfa-4982-9424-112f94769d17,Company_671037ee,0.0,T1,High,Active website present; Strong Google Maps rating (4.1); Significant number of reviews (>50); Partial industry match (E-commerce); High priority geography (France); Product compatibility match: Turmeric; Basic operational certifications present; Active hiring in operations/logistics; Explicit sourcing action (Quote requested); Minor topic surge (1 topics); Review site comparison activity; Import gap detected (supplier switch possible); Broad buying committee (3 stakeholders); Medium stakeholder seniority (Director/Manager)
103,ab8429bd-8ec8-4356-aec9-e7f9cd4031fc,Company_ab8429bd,7.0,Unqualified,High,Active website present; Strong Google Maps rating (4.0); Partial industry match (Healthcare); High priority geography (Germany); No priority products found in portfolio (Quilts); Active hiring in operations/logistics; Minor topic surge (2 topics); Review site comparison activity; Single stakeholder engaged
104,07b693b9-1196-474e-9a2b-c9ab838beffc,Company_07b693b9,5.7,Unqualified,High,Active website present; Average Google Maps rating (3.9); Strong industry match (Wholesale); Serviceable geography (India); No priority products found in portfolio (Spices); Sustained topic surge (5 topics); High pricing page visits; Single stakeholder engaged; Medium stakeholder seniority (Director/Manager)
105,37876a33-cd41-4242-8701-ad1142e2ed69,Company_37876a33,0.7,Unqualified,High,Partial industry match (Healthcare); Serviceable geography (Saudi Arabia); No priority products found in portfolio (Textiles); Import gap detected (supplier switch possible); Multiple stakeholders engaged (2)
106,a158f0d2-f442-4961-9428-84a745fb8961,Company_a158f0d2,0.3,Unqualified,High,Partial industry match (Construction); High priority geography (UK); Product compatibility match: Ashwagandha; Product compatibility match: Turmeric; Product compatibility match: Rice; Single stakeholder engaged; High stakeholder seniority (C-level/VP)
107,07f056a9-4bac-458c-b544-d91ebfad5de3,Company_07f056a9,10.9,Unqualified,High,Average Google Maps rating (3.6); Partial industry match (Healthcare); Serviceable geography (India); No priority products found in portfolio (Blankets|Electronics); Active hiring in operations/logistics; High pricing page visits; Review site comparison activity; Single stakeholder engaged; High stakeholder seniority (C-level/VP)
108,15897403-6bb4-4480-bafa-594125bc5ecf,Company_15897403,30.0,T1,High,Active website present; Strong Google Maps rating (4.3); Significant number of reviews (>50); Strong industry match (Wholesale); High priority geography (UK); Product compatibility match: Turmeric; Explicit sourcing action (RFP published); Sustained topic surge (4 topics); High pricing page visits; Review site comparison activity; Single stakeholder engaged
109,4588a6c6-c733-42b7-8d9a-7c0755e64f6f,Company_4588a6c6,3.7,Unqualified,High,Active website present; Average Google Maps rating (3.2); Partial industry match (E-commerce); Serviceable geography (Qatar); No priority products found in portfolio (Blankets); High pricing page visits; Review site comparison activity; Single stakeholder engaged; Financial distress (–20%)
110,6ea2c2bc-772c-4341-8f45-ff70cd739b66,Company_6ea2c2bc,0.3,Unqualified,High,Partial industry match (Construction); Serviceable geography (Netherlands); Product compatibility match: Turmeric; Single stakeholder engaged; Medium stakeholder seniority (Director/Manager); Active competitor contract (–40%)
111,dd427b00-fb6f-413f-8188-9214140887de,Company_dd427b00,18.8,Unqualified,High,Active website present; Average Google Maps rating (3.4); Strong industry match (Wholesale); Serviceable geography (India); No priority products found in portfolio (Blankets|Quilts|Electronics); Minor topic surge (2 topics); High pricing page visits; Review site comparison activity; Single stakeholder engaged; Medium stakeholder seniority (Director/Manager)
112,47093470-35ff-46bc-8b4e-7803cfd09b7a,Company_47093470,24.5,T1,High,Active website present; Strong Google Maps rating (4.6); Significant number of reviews (>50); Partial industry match (E-commerce); Serviceable geography (Qatar); Product compatibility match: Ashwagandha; Strong operational certifications (WHO-GMP/ISO/FDA); Active hiring in operations/logistics; Explicit sourcing action (Quote requested); Review site comparison activity; Broad buying committee (3 stakeholders); High stakeholder seniority (C-level/VP)
113,78dc257a-1d90-4bd6-b108-bb4b8427fd94,Company_78dc257a,2.2,Unqualified,High,Active website present; Partial industry match (Construction); Serviceable geography (Qatar); No priority products found in portfolio (Spices); Broad buying committee (5 stakeholders); Medium stakeholder seniority (Director/Manager)
114,f23e8935-06bd-412a-93b7-e0943749912e,Company_f23e8935,0.0,Unqualified,High,Strong industry match (Distribution); Serviceable geography (Saudi Arabia); Product compatibility match: Turmeric; Single stakeholder engaged; High stakeholder seniority (C-level/VP); Active competitor contract (–40%)
115,8a466268-80ac-4373-a3d4-797d5345957c,Company_8a466268,4.8,Unqualified,High,Strong Google Maps rating (4.6); Significant number of reviews (>50); Strong industry match (Wholesale); Serviceable geography (Qatar); No priority products found in portfolio (Electronics|Carpets|Textiles); Basic operational certifications present; Review site comparison activity; Business trigger event (Funding round); Single stakeholder engaged; Active competitor contract (–40%)
116,a0d816dc-f46d-4134-9474-c3b0d4cf03d7,Company_a0d816dc,0.3,Unqualified,High,Active website present; Strong industry match (Retail); High priority geography (USA); Product compatibility match: Turmeric; Review site comparison activity; Single stakeholder engaged; Medium stakeholder seniority (Director/Manager)
117,1476d5a7-6b47-4145-bdaf-855c862952c0,Company_1476d5a7,20.9,T1,High,Strong Google Maps rating (4.9); Significant number of reviews (>50); Strong industry match (Retail); Serviceable geography (Saudi Arabia); No priority products found in portfolio (Spices); Strong operational certifications (WHO-GMP/ISO/FDA); Active hiring in operations/logistics; Explicit sourcing action (Quote requested); High pricing page visits; Business trigger event (Funding round); Broad buying committee (5 stakeholders)
118,d8f206b5-a029-4a72-9fd0-a444a7fa97ba,Company_d8f206b5,0.3,Unqualified,High,Strong industry match (Wholesale); Serviceable geography (UAE); Product compatibility match: Ashwagandha; Sustained topic surge (4 topics); Single stakeholder engaged; Medium stakeholder seniority (Director/Manager)
119,49035b3d-2d73-4806-b025-b4fff29d24e0,Company_49035b3d,19.9,Unqualified,High,Strong Google Maps rating (4.0); Significant number of reviews (>50); Partial industry match (Manufacturing); Serviceable geography (Netherlands); Product compatibility match: Turmeric; Active hiring in operations/logistics; Sustained topic surge (4 topics); High pricing page visits; Review site comparison activity; Import gap detected (supplier switch possible); Business trigger event (Funding round); Multiple stakeholders engaged (2)
120,ab83f617-e5ae-4c12-a066-e418e8496822,Company_ab83f617,1.9,Unqualified,High,Partial industry match (Manufacturing); Serviceable geography (Saudi Arabia); No priority products found in portfolio (Carpets); Strong operational certifications (WHO-GMP/ISO/FDA); Single stakeholder engaged; High stakeholder seniority (C-level/VP); Financial distress (–20%)
121,002c3a6a-9ee3-4421-90f8-819fc3a4a181,Company_002c3a6a,0.0,Unqualified,High,Partial industry match (Healthcare); High priority geography (Germany); Product compatibility match: Ashwagandha; Single stakeholder engaged
122,98522e17-2f0c-4454-b5c6-17ef5cbd4748,Company_98522e17,16.6,Unqualified,High,Average Google Maps rating (3.4); Partial industry match (E-commerce); High priority geography (France); Product compatibility match: Turmeric; Strong operational certifications (WHO-GMP/ISO/FDA); Active hiring in operations/logistics; Review site comparison activity; Import gap detected (supplier switch possible); Business trigger event (Funding round); Single stakeholder engaged; High stakeholder seniority (C-level/VP); Active competitor contract (–40%)
123,f5fece84-1d23-45ab-bf4b-31890c3761d6,Company_f5fece84,44.4,T1,High,Active website present; Strong Google Maps rating (4.4); Significant number of reviews (>50); Strong industry match (Distribution); Serviceable geography (Singapore); Product compatibility match: Rice; Basic operational certifications present; Explicit sourcing action (Quote requested); Review site comparison activity; Import gap detected (supplier switch possible); Broad buying committee (3 stakeholders); High stakeholder seniority (C-level/VP)
124,3063268c-e94a-4bc9-8bac-092ef2200cc3,Company_3063268c,5.6,Unqualified,High,Active website present; Average Google Maps rating (3.2); Strong industry match (Retail); High priority geography (Germany); Product compatibility match: Ashwagandha; Active hiring in operations/logistics; Import gap detected (supplier switch possible); Broad buying committee (4 stakeholders); Medium stakeholder seniority (Director/Manager); Active competitor contract (–40%); Hiring freeze/layoffs (–25%)
125,35468439-419a-49d4-b07f-59b6a3317077,Company_35468439,24.3,T3,High,Active website present; Strong Google Maps rating (4.2); Significant number of reviews (>50); Partial industry match (Healthcare); Serviceable geography (Netherlands); Product compatibility match: Rice; Active hiring in operations/logistics; Review site comparison activity; Business trigger event (M&A); Multiple stakeholders engaged (2); High stakeholder seniority (C-level/VP); Active competitor contract (–40%)
126,b276e9d1-e552-4ab8-964e-0c13ee3fe7c3,Company_b276e9d1,28.2,T3,High,Active website present; Average Google Maps rating (3.9); Partial industry match (E-commerce); Serviceable geography (UAE); Product compatibility match: Rice; Strong operational certifications (WHO-GMP/ISO/FDA); Business trigger event (New facility); Single stakeholder engaged; Medium stakeholder seniority (Director/Manager)
127,645c35f2-f7ed-4ba4-b7e0-443b5356ff68,Company_645c35f2,0.0,Unqualified,High,Strong industry match (Wholesale); Serviceable geography (UAE); No priority products found in portfolio (Quilts); Single stakeholder engaged; High stakeholder seniority (C-level/VP)
128,de959794-addb-438f-84a6-40d1579fd1db,Company_de959794,0.0,Unqualified,High,Strong Google Maps rating (4.1); Significant number of reviews (>50); Partial industry match (Construction); Serviceable geography (India); No priority products found in portfolio (Quilts); Strong operational certifications (WHO-GMP/ISO/FDA); Active hiring in operations/logistics; Broad buying committee (4 stakeholders); Medium stakeholder seniority (Director/Manager); Active competitor contract (–40%)
129,24db352f-25ec-402f-8bbb-3f0d8352bee8,Company_24db352f,0.0,Unqualified,High,Active website present; Average Google Maps rating (3.7); Partial industry match (Manufacturing); High priority geography (France); No priority products found in portfolio (Carpets|Quilts|Spices); Active hiring in operations/logistics; Single stakeholder engaged; Medium stakeholder seniority (Director/Manager)
130,1783cda7-53ea-4343-8d87-fb14a7a28056,Company_1783cda7,0.2,Unqualified,High,Partial industry match (E-commerce); Serviceable geography (India); Product compatibility match: Turmeric; Single stakeholder engaged; High stakeholder seniority (C-level/VP); Active competitor contract (–40%)
131,b7cd777f-51b8-4766-8b8c-079833dffb69,Company_b7cd777f,11.9,Unqualified,High,Average Google Maps rating (3.9); Strong industry match (Distribution); Serviceable geography (India); Product compatibility match: Turmeric; Active hiring in operations/logistics; Review site comparison activity; Business trigger event (New facility); Broad buying committee (3 stakeholders)
132,1a50f822-7e29-44a1-b523-cb74b4329dd1,Company_1a50f822,1.1,Unqualified,High,Strong industry match (Retail); Serviceable geography (UAE); Product compatibility match: Rice; Product compatibility match: Turmeric; High pricing page visits; Single stakeholder engaged; Medium stakeholder seniority (Director/Manager)
133,dab2ec28-6cea-410e-b6b1-6e69967c3eda,Company_dab2ec28,0.3,Unqualified,High,Partial industry match (Healthcare); High priority geography (UK); No priority products found in portfolio (Textiles); Single stakeholder engaged; Active competitor contract (–40%)
134,4319bcc2-4718-484c-9a25-4fda7f280eb6,Company_4319bcc2,15.2,Unqualified,High,Active website present; Strong Google Maps rating (4.5); Significant number of reviews (>50); Partial industry match (Healthcare); Serviceable geography (UAE); No priority products found in portfolio (Spices); Strong operational certifications (WHO-GMP/ISO/FDA); Active hiring in operations/logistics; Minor topic surge (1 topics); Business trigger event (M&A); Single stakeholder engaged; Medium stakeholder seniority (Director/Manager)
135,b2cec8c3-468c-4609-8392-857554588f96,Company_b2cec8c3,44.6,T3,High,Active website present; Average Google Maps rating (3.2); Strong industry match (Retail); Serviceable geography (Qatar); Product compatibility match: Turmeric; Active hiring in operations/logistics; High pricing page visits; Business trigger event (New facility); Broad buying committee (3 stakeholders); Medium stakeholder seniority (Director/Manager)
136,813325ad-0e0c-4a83-b5ab-5c1d000d1978,Company_813325ad,31.9,T3,High,Active website present; Average Google Maps rating (3.9); Partial industry match (Manufacturing); Serviceable geography (Netherlands); No priority products found in portfolio (Blankets|Electronics); Active hiring in operations/logistics; Sustained topic surge (4 topics); High pricing page visits; Broad buying committee (4 stakeholders); High stakeholder seniority (C-level/VP)
137,0ed168d0-3045-481b-ab1f-c336dee5d1f2,Company_0ed168d0,5.7,Unqualified,High,Active website present; Partial industry match (Healthcare); Serviceable geography (Qatar); No priority products found in portfolio (Spices|Electronics); Multiple stakeholders engaged (2)
138,f9d7a4dd-6c87-46ab-a301-1e1f5c740424,Company_f9d7a4dd,25.4,T3,High,Strong industry match (Retail); High priority geography (Germany); Product compatibility match: Rice; Review site comparison activity; Import gap detected (supplier switch possible); Single stakeholder engaged
139,87fce71d-d385-4ee6-86f8-39b8ceca592a,Company_87fce71d,8.0,Unqualified,High,Active website present; Strong Google Maps rating (4.8); Significant number of reviews (>50); Strong industry match (Wholesale); Serviceable geography (Saudi Arabia); No priority products found in portfolio (Electronics); Strong operational certifications (WHO-GMP/ISO/FDA); Active hiring in operations/logistics; Minor topic surge (2 topics); High pricing page visits; Single stakeholder engaged; High stakeholder seniority (C-level/VP); Financial distress (–20%)
140,010b7bf2-5d0f-44c5-b6f0-be484ee79359,Company_010b7bf2,0.0,Unqualified,High,Active website present; Average Google Maps rating (3.6); Strong industry match (Wholesale); Serviceable geography (Singapore); Product compatibility match: Turmeric; Single stakeholder engaged; High stakeholder seniority (C-level/VP); Active competitor contract (–40%)
141,3cffc7a6-75d3-46ed-a5e7-d5972bfdde2a,Company_3cffc7a6,2.0,Unqualified,High,Partial industry match (Manufacturing); Serviceable geography (Saudi Arabia); No priority products found in portfolio (Carpets|Blankets|Electronics); Single stakeholder engaged; Medium stakeholder seniority (Director/Manager)
142,b334e313-f32d-4041-80ce-92bd5014448c,Company_b334e313,17.3,Unqualified,High,Active website present; Strong industry match (Retail); Serviceable geography (Singapore); Product compatibility match: Turmeric; Minor topic surge (2 topics); High pricing page visits; Review site comparison activity; Multiple stakeholders engaged (2); Medium stakeholder seniority (Director/Manager); Hiring freeze/layoffs (–25%)
143,4a5f5e81-679f-4ef0-8f9e-784b86c18e1c,Company_4a5f5e81,1.1,Unqualified,High,Partial industry match (Construction); High priority geography (Germany); Product compatibility match: Rice; Product compatibility match: Ashwagandha; Strong operational certifications (WHO-GMP/ISO/FDA); Single stakeholder engaged; Medium stakeholder seniority (Director/Manager); Hiring freeze/layoffs (–25%)
144,a2b954dd-84ac-48f7-93e1-82daa2d99ac0,Company_a2b954dd,24.3,T1,High,Active website present; Partial industry match (Healthcare); High priority geography (France); Product compatibility match: Rice; Strong operational certifications (WHO-GMP/ISO/FDA); Explicit sourcing action (Quote requested); High pricing page visits; Review site comparison activity; Single stakeholder engaged; High stakeholder seniority (C-level/VP); Financial distress (–20%)
145,f5932f28-b58e-4d9a-98e8-ce72b37d1ad7,Company_f5932f28,20.3,T3,High,Active website present; Average Google Maps rating (3.5); Partial industry match (Manufacturing); High priority geography (France); No priority products found in portfolio (Spices|Textiles); Strong operational certifications (WHO-GMP/ISO/FDA); Sustained topic surge (3 topics); High pricing page visits; Import gap detected (supplier switch possible); Single stakeholder engaged; Medium stakeholder seniority (Director/Manager)
146,56ee6529-4489-4b08-9d3f-d1eadeb7af19,Company_56ee6529,14.1,Unqualified,High,Active website present; Average Google Maps rating (3.4); Partial industry match (E-commerce); High priority geography (Germany); Product compatibility match: Ashwagandha; Strong operational certifications (WHO-GMP/ISO/FDA); Business trigger event (New facility); Single stakeholder engaged; High stakeholder seniority (C-level/VP)
147,19b58343-6bee-4433-9410-9937631e74a1,Company_19b58343,0.1,Unqualified,High,Active website present; Average Google Maps rating (3.8); Strong industry match (Distribution); Serviceable geography (Netherlands); Product compatibility match: Ashwagandha; High pricing page visits; Single stakeholder engaged; Medium stakeholder seniority (Director/Manager)
148,4f68d58f-3929-48a9-86f4-179118f56dc6,Company_4f68d58f,5.9,T1,High,Active website present; Strong Google Maps rating (4.4); Significant number of reviews (>50); Strong industry match (Wholesale); Serviceable geography (Saudi Arabia); No priority products found in portfolio (Textiles|Electronics); Strong operational certifications (WHO-GMP/ISO/FDA); Active hiring in operations/logistics; Explicit sourcing action (Quote requested); Sustained topic surge (4 topics); Review site comparison activity; Single stakeholder engaged; Active competitor contract (–40%)
149,f82e6452-b00a-4fed-8a24-5da5584463d5,Company_f82e6452,28.8,T3,High,Active website present; Strong Google Maps rating (4.5); Significant number of reviews (>50); Partial industry match (Construction); High priority geography (UK); No priority products found in portfolio (Blankets); Basic operational certifications present; Active hiring in operations/logistics; Minor topic surge (2 topics); Review site comparison activity; Business trigger event (Funding round); Broad buying committee (4 stakeholders)
150,4018d707-4692-4922-a5e7-a509f5ec3e38,Company_4018d707,0.0,Unqualified,High,Active website present; Average Google Maps rating (3.4); Partial industry match (E-commerce); High priority geography (Germany); Product compatibility match: Rice; Sustained topic surge (3 topics); High pricing page visits; Single stakeholder engaged; Medium stakeholder seniority (Director/Manager)
151,6244cfc1-785b-4946-a204-5c3cc50c526a,Company_6244cfc1,5.5,Unqualified,High,Active website present; Strong Google Maps rating (4.9); Significant number of reviews (>50); Strong industry match (Retail); High priority geography (UK); No priority products found in portfolio (Textiles|Electronics); Active hiring in operations/logistics; Minor topic surge (2 topics); Multiple stakeholders engaged (2); High stakeholder seniority (C-level/VP); Hiring freeze/layoffs (–25%)
152,f519796e-4b63-4450-ba3c-3c54a847c11d,Company_f519796e,0.6,Unqualified,High,Partial industry match (Manufacturing); Serviceable geography (Singapore); No priority products found in portfolio (Quilts); Single stakeholder engaged
153,e3c555fe-64c0-4f49-8a93-236e1e879176,Company_e3c555fe,0.2,Unqualified,High,Active website present; Strong industry match (Retail); Serviceable geography (Qatar); No priority products found in portfolio (Carpets); High pricing page visits; Business trigger event (New facility); Single stakeholder engaged
154,31f2ee42-febd-4193-8dd8-7d0c54b53cb9,Company_31f2ee42,0.0,Unqualified,High,Strong industry match (Distribution); High priority geography (UK); No priority products found in portfolio (Blankets); Single stakeholder engaged; Medium stakeholder seniority (Director/Manager)
155,97276662-9170-4be2-b4de-58d518d80c30,Company_97276662,0.0,Unqualified,High,Strong industry match (Distribution); High priority geography (Germany); Product compatibility match: Rice; Single stakeholder engaged; Active competitor contract (–40%); Hiring freeze/layoffs (–25%)
156,869dd2fe-3ed8-458e-ab09-07f13c073f72,Company_869dd2fe,29.6,T3,High,Active website present; Average Google Maps rating (3.6); Strong industry match (Retail); Serviceable geography (UAE); Product compatibility match: Rice; Strong operational certifications (WHO-GMP/ISO/FDA); Active hiring in operations/logistics; Business trigger event (M&A); Single stakeholder engaged; Medium stakeholder seniority (Director/Manager)
157,50581185-c57b-45dc-9600-5b510a26338e,Company_50581185,0.8,Unqualified,High,Strong industry match (Wholesale); High priority geography (France); Product compatibility match: Turmeric; Single stakeholder engaged
158,7e7deedf-7c11-4e38-92db-b2a997ffa917,Company_7e7deedf,0.2,Unqualified,High,Average Google Maps rating (3.7); Strong industry match (Wholesale); High priority geography (UK); Product compatibility match: Ashwagandha; Active hiring in operations/logistics; Review site comparison activity; Import gap detected (supplier switch possible); Single stakeholder engaged; High stakeholder seniority (C-level/VP)
159,9a68293e-4446-4785-8a41-a83fc200543d,Company_9a68293e,0.2,Unqualified,High,Active website present; Partial industry match (Manufacturing); High priority geography (Germany); Product compatibility match: Ashwagandha; Active hiring in operations/logistics; Sustained topic surge (5 topics); High pricing page visits; Broad buying committee (4 stakeholders)
160,c3a588d9-001c-4e47-9f63-c41c1860ebc3,Company_c3a588d9,9.3,Unqualified,High,Average Google Maps rating (3.5); Partial industry match (E-commerce); Serviceable geography (Singapore); No priority products found in portfolio (Blankets|Textiles); Minor topic surge (1 topics); Review site comparison activity; Import gap detected (supplier switch possible); Business trigger event (Funding round); Broad buying committee (5 stakeholders); Medium stakeholder seniority (Director/Manager); Active competitor contract (–40%)
161,6ef22694-6538-420b-83bb-4d678d70d164,Company_6ef22694,0.0,Unqualified,High,Active website present; Average Google Maps rating (3.0); Partial industry match (Construction); Serviceable geography (Netherlands); No priority products found in portfolio (Spices|Textiles|Quilts); Review site comparison activity; Business trigger event (Funding round); Single stakeholder engaged; Medium stakeholder seniority (Director/Manager)
162,cfe895fd-0a81-4d15-aa43-9ab055d22841,Company_cfe895fd,0.1,T1,High,Active website present; Average Google Maps rating (3.8); Partial industry match (Construction); Serviceable geography (Singapore); Product compatibility match: Rice; Explicit sourcing action (Quote requested); Import gap detected (supplier switch possible); Single stakeholder engaged; High stakeholder seniority (C-level/VP)
163,29871d92-0c55-4c81-9d23-49b42db8c46c,Company_29871d92,0.0,Unqualified,High,Average Google Maps rating (3.6); Strong industry match (Distribution); High priority geography (Germany); Product compatibility match: Turmeric; Active hiring in operations/logistics; High pricing page visits; Single stakeholder engaged; High stakeholder seniority (C-level/VP)
164,602c84e5-e519-4642-821c-b309cdc90d16,Company_602c84e5,0.7,Unqualified,High,Active website present; Partial industry match (Manufacturing); Serviceable geography (Qatar); No priority products found in portfolio (Textiles); High pricing page visits; Single stakeholder engaged
165,d9c88e41-dfb7-4d7a-812a-1a431fa16612,Company_d9c88e41,0.0,T1,High,Active website present; Partial industry match (Healthcare); Serviceable geography (Singapore); Product compatibility match: Ashwagandha; Product compatibility match: Rice; Strong operational certifications (WHO-GMP/ISO/FDA); Explicit sourcing action (Quote requested); Business trigger event (Funding round); Single stakeholder engaged; High stakeholder seniority (C-level/VP)
166,24993767-5f84-450f-b1a9-7063bd10fb9e,Company_24993767,46.7,T2,High,Active website present; Strong Google Maps rating (4.8); Significant number of reviews (>50); Partial industry match (Construction); Serviceable geography (Qatar); No priority products found in portfolio (Textiles); Sustained topic surge (3 topics); High pricing page visits; Review site comparison activity; Business trigger event (M&A); Broad buying committee (4 stakeholders); High stakeholder seniority (C-level/VP)
167,15c71b28-0fd8-41ff-b812-d96e7d5f34b9,Company_15c71b28,2.9,Unqualified,High,Partial industry match (Manufacturing); Serviceable geography (Netherlands); No priority products found in portfolio (Spices); Single stakeholder engaged; Medium stakeholder seniority (Director/Manager)
168,fa869b2c-e592-4d53-baff-ecc5a0e7398d,Company_fa869b2c,0.0,Unqualified,High,Active website present; Average Google Maps rating (3.2); Partial industry match (E-commerce); Serviceable geography (Saudi Arabia); No priority products found in portfolio (Blankets|Textiles); Single stakeholder engaged; High stakeholder seniority (C-level/VP)
169,910f5fbc-612c-4927-b2c9-e927b5692b6c,Company_910f5fbc,1.4,Unqualified,High,Active website present; Average Google Maps rating (3.2); Partial industry match (E-commerce); Serviceable geography (Singapore); Product compatibility match: Rice; Active hiring in operations/logistics; Minor topic surge (1 topics); Review site comparison activity; Business trigger event (M&A); Single stakeholder engaged; High stakeholder seniority (C-level/VP)
170,6f962633-4a69-4b6a-a7b3-c85fbed0baba,Company_6f962633,7.0,Unqualified,High,Active website present; Average Google Maps rating (3.7); Partial industry match (Construction); High priority geography (Germany); No priority products found in portfolio (Spices|Quilts); Strong operational certifications (WHO-GMP/ISO/FDA); Review site comparison activity; Single stakeholder engaged; High stakeholder seniority (C-level/VP)
171,292adc4c-6e1b-44e5-821b-8e502fd25bf1,Company_292adc4c,0.0,Unqualified,High,Active website present; Strong industry match (Wholesale); High priority geography (USA); No priority products found in portfolio (Electronics); Active hiring in operations/logistics; Minor topic surge (1 topics); High pricing page visits; Single stakeholder engaged; Medium stakeholder seniority (Director/Manager)
172,159ec164-b41c-47c4-a128-5c743b292cb1,Company_159ec164,0.1,Unqualified,High,Strong industry match (Wholesale); Serviceable geography (UAE); Product compatibility match: Rice; Business trigger event (New facility); Single stakeholder engaged; Medium stakeholder seniority (Director/Manager)
173,328f98a3-802c-4fcf-8fa0-8fd5ad4b472b,Company_328f98a3,13.9,Unqualified,High,Active website present; Strong Google Maps rating (4.0); Strong industry match (Retail); High priority geography (UK); Product compatibility match: Turmeric; Active hiring in operations/logistics; Review site comparison activity; Single stakeholder engaged; Hiring freeze/layoffs (–25%)
174,cbeb9810-4c3b-490d-bb3c-77ec7a4ddc84,Company_cbeb9810,0.0,Unqualified,High,Partial industry match (Manufacturing); Serviceable geography (Qatar); Product compatibility match: Rice; Review site comparison activity; Broad buying committee (4 stakeholders); Medium stakeholder seniority (Director/Manager); No engagement in >180 days (–15%)
175,60afbd41-2c9f-4444-bdb8-0401ba34b4ce,Company_60afbd41,0.2,Unqualified,High,Active website present; Average Google Maps rating (3.2); Partial industry match (E-commerce); High priority geography (France); No priority products found in portfolio (Spices); Import gap detected (supplier switch possible); Single stakeholder engaged; Medium stakeholder seniority (Director/Manager)
176,cb2e6472-b551-4e08-95c0-6206f096408e,Company_cb2e6472,0.1,Unqualified,High,Average Google Maps rating (3.4); Partial industry match (Manufacturing); Serviceable geography (Saudi Arabia); No priority products found in portfolio (Quilts|Carpets); Strong operational certifications (WHO-GMP/ISO/FDA); Import gap detected (supplier switch possible); Single stakeholder engaged; Medium stakeholder seniority (Director/Manager)
177,9e924984-1197-4b6c-b5c8-d5c705cd7e7d,Company_9e924984,0.0,Unqualified,High,Active website present; Average Google Maps rating (3.9); Partial industry match (Healthcare); High priority geography (France); No priority products found in portfolio (Spices); Active hiring in operations/logistics; High pricing page visits; Business trigger event (M&A); Broad buying committee (4 stakeholders); Medium stakeholder seniority (Director/Manager)
178,b169e134-4ac1-48a0-b8be-b84fb0f33627,Company_b169e134,15.5,Unqualified,High,Active website present; Average Google Maps rating (3.2); Strong industry match (Retail); Serviceable geography (Qatar); Product compatibility match: Turmeric; Minor topic surge (1 topics); High pricing page visits; Single stakeholder engaged; High stakeholder seniority (C-level/VP)
179,77125294-d782-4900-b961-008517326e1f,Company_77125294,0.0,Unqualified,High,Partial industry match (Manufacturing); Serviceable geography (UAE); Product compatibility match: Rice; Strong operational certifications (WHO-GMP/ISO/FDA); Sustained topic surge (5 topics); Single stakeholder engaged
180,94b149c2-58e0-43fd-9051-03e2549950f4,Company_94b149c2,0.0,T1,High,Partial industry match (Construction); Serviceable geography (Singapore); Product compatibility match: Turmeric; Explicit sourcing action (Quote requested); Import gap detected (supplier switch possible); Business trigger event (Funding round); Single stakeholder engaged; High stakeholder seniority (C-level/VP); Financial distress (–20%)
181,397861c7-a77c-49d6-ab6e-60a16de927ca,Company_397861c7,41.7,T3,High,Active website present; Strong Google Maps rating (4.9); Significant number of reviews (>50); Partial industry match (E-commerce); High priority geography (France); Product compatibility match: Ashwagandha; Strong operational certifications (WHO-GMP/ISO/FDA); Active hiring in operations/logistics; High pricing page visits; Review site comparison activity; Business trigger event (M&A); Multiple stakeholders engaged (2)
182,cf9740d1-c851-4bf8-ad6a-0913acdb3d29,Company_cf9740d1,35.2,T3,High,Active website present; Strong Google Maps rating (4.6); Significant number of reviews (>50); Partial industry match (Healthcare); High priority geography (USA); No priority products found in portfolio (Blankets|Spices|Electronics); Review site comparison activity; Import gap detected (supplier switch possible); Business trigger event (M&A); Broad buying committee (5 stakeholders)
183,436a261b-794a-492a-870b-e1e7dd964d87,Company_436a261b,0.2,Unqualified,High,Strong industry match (Distribution); Serviceable geography (UAE); No priority products found in portfolio (Quilts); High pricing page visits; Single stakeholder engaged; High stakeholder seniority (C-level/VP); Hiring freeze/layoffs (–25%)
184,b4fed3b7-6cab-4d2c-a197-17f1adceebf5,Company_b4fed3b7,8.4,Unqualified,High,Active website present; Average Google Maps rating (3.2); Strong industry match (Wholesale); Serviceable geography (Netherlands); Product compatibility match: Ashwagandha; Strong operational certifications (WHO-GMP/ISO/FDA); Business trigger event (M&A); Single stakeholder engaged
185,471235ac-07fb-4f35-a4f8-2b812866c27f,Company_471235ac,0.0,Unqualified,High,Strong industry match (Wholesale); High priority geography (France); No priority products found in portfolio (Quilts|Carpets); Minor topic surge (1 topics); Broad buying committee (4 stakeholders); High stakeholder seniority (C-level/VP); No engagement in >180 days (–15%)
186,0123bedd-bc47-4ef5-8de8-0d3b0b813101,Company_0123bedd,0.3,Unqualified,High,Active website present; Partial industry match (Manufacturing); Serviceable geography (Qatar); Product compatibility match: Turmeric; Active hiring in operations/logistics; Import gap detected (supplier switch possible); Single stakeholder engaged; High stakeholder seniority (C-level/VP)
187,6940207b-d66a-4b83-a129-6a20cebfec3b,Company_6940207b,0.0,Unqualified,High,Average Google Maps rating (3.9); Strong industry match (Distribution); High priority geography (Germany); No priority products found in portfolio (Quilts|Textiles); Business trigger event (New facility); Broad buying committee (3 stakeholders); Medium stakeholder seniority (Director/Manager); No engagement in >180 days (–15%)
188,14ca2dfa-5616-44e6-97f9-a928bb9a0daa,Company_14ca2dfa,0.0,Unqualified,High,Average Google Maps rating (3.9); Partial industry match (Healthcare); Serviceable geography (Qatar); Product compatibility match: Rice; Import gap detected (supplier switch possible); Single stakeholder engaged
189,13835679-6230-4f4d-be4f-ebd62e722bcb,Company_13835679,25.3,T3,High,Active website present; Strong Google Maps rating (5.0); Significant number of reviews (>50); Strong industry match (Retail); High priority geography (Germany); Product compatibility match: Rice; Sustained topic surge (5 topics); High pricing page visits; Business trigger event (Funding round); Single stakeholder engaged; Medium stakeholder seniority (Director/Manager)
190,ea6d94af-828a-4c1f-b0ce-5ee6556fdcb2,Company_ea6d94af,0.4,Unqualified,High,Strong industry match (Retail); Serviceable geography (Qatar); No priority products found in portfolio (Blankets); High pricing page visits; Single stakeholder engaged
191,c80ba5ac-ae2d-477e-9afa-4143c2811503,Company_c80ba5ac,21.5,T1,High,Active website present; Strong Google Maps rating (4.0); Strong industry match (Retail); Serviceable geography (Netherlands); Product compatibility match: Rice; Explicit sourcing action (RFP published); Single stakeholder engaged; Medium stakeholder seniority (Director/Manager)
192,4c74f6f3-bc20-4d05-ab96-7343949a6394,Company_4c74f6f3,7.7,Unqualified,High,Partial industry match (E-commerce); High priority geography (France); Product compatibility match: Ashwagandha; Single stakeholder engaged; High stakeholder seniority (C-level/VP)
193,614d9632-c088-46bf-a9d4-d14be38e62f5,Company_614d9632,0.3,Unqualified,High,Strong industry match (Retail); Serviceable geography (Qatar); Product compatibility match: Ashwagandha; Product compatibility match: Turmeric; Broad buying committee (4 stakeholders); Medium stakeholder seniority (Director/Manager)
194,4439cf3b-9bd3-4b2e-864c-6307fcb3959b,Company_4439cf3b,0.0,Unqualified,High,Active website present; Average Google Maps rating (3.6); Partial industry match (Manufacturing); High priority geography (USA); Product compatibility match: Ashwagandha; High pricing page visits; Business trigger event (M&A); Single stakeholder engaged; Hiring freeze/layoffs (–25%)
195,3ffed88d-da3d-44e4-a644-f29f65d0b8d5,Company_3ffed88d,0.6,Unqualified,High,Strong industry match (Retail); Serviceable geography (Qatar); Product compatibility match: Ashwagandha; Broad buying committee (4 stakeholders); Medium stakeholder seniority (Director/Manager)
196,2dd1a857-2fe2-4fd6-9c55-22f92e620ce6,Company_2dd1a857,13.6,Unqualified,High,Average Google Maps rating (3.8); Partial industry match (Construction); High priority geography (Germany); No priority products found in portfolio (Textiles); Review site comparison activity; Business trigger event (Funding round); Broad buying committee (3 stakeholders)
197,adc1309f-80fa-4fa0-b63c-27a0d44eeaf7,Company_adc1309f,8.4,Unqualified,High,Average Google Maps rating (3.8); Partial industry match (Manufacturing); Serviceable geography (Saudi Arabia); No priority products found in portfolio (Electronics); Import gap detected (supplier switch possible); Single stakeholder engaged; Medium stakeholder seniority (Director/Manager)
198,141336e6-3eea-4574-a084-4ec990882432,Company_141336e6,46.9,T2,High,Active website present; Strong Google Maps rating (4.4); Significant number of reviews (>50); Partial industry match (Manufacturing); Serviceable geography (Netherlands); No priority products found in portfolio (Electronics|Quilts|Textiles); Sustained topic surge (5 topics); High pricing page visits; Import gap detected (supplier switch possible); Broad buying committee (3 stakeholders); High stakeholder seniority (C-level/VP)
199,d8a975a0-e643-453a-8a3e-5f9e7ca2f3ed,Company_d8a975a0,0.6,Unqualified,High,Active website present; Average Google Maps rating (3.8); Partial industry match (Healthcare); High priority geography (France); No priority products found in portfolio (Spices|Textiles); Sustained topic surge (5 topics); Single stakeholder engaged; Hiring freeze/layoffs (–25%)
200,0b21c064-862e-4ddb-8f72-45c8174c4d57,Company_0b21c064,2.4,Unqualified,High,Active website present; Partial industry match (Construction); Serviceable geography (India); No priority products found in portfolio (Textiles|Blankets); Active hiring in operations/logistics; Review site comparison activity; Single stakeholder engaged; High stakeholder seniority (C-level/VP)
201,ad450214-55ea-487b-9afa-07202cb1094d,Company_ad450214,15.2,T1,High,Active website present; Average Google Maps rating (3.2); Strong industry match (Distribution); Serviceable geography (Qatar); No priority products found in portfolio (Electronics); Explicit sourcing action (RFP published); Import gap detected (supplier switch possible); Broad buying committee (5 stakeholders); Medium stakeholder seniority (Director/Manager)
202,c7299644-7c2a-41c4-a545-bcf664e472fc,Company_c7299644,0.8,Unqualified,High,Partial industry match (Healthcare); High priority geography (Germany); Product compatibility match: Ashwagandha; High pricing page visits; Single stakeholder engaged
203,0b09365b-cf44-4640-983a-ecf5eb00b007,Company_0b09365b,36.3,T1,High,Active website present; Strong Google Maps rating (4.1); Significant number of reviews (>50); Partial industry match (E-commerce); High priority geography (UK); No priority products found in portfolio (Blankets); Basic operational certifications present; Active hiring in operations/logistics; Explicit sourcing action (Quote requested); Minor topic surge (2 topics); High pricing page visits; Import gap detected (supplier switch possible); Multiple stakeholders engaged (2)
204,0ce8ab72-f842-4872-900a-a44c46365c89,Company_0ce8ab72,0.0,Unqualified,High,Partial industry match (Healthcare); High priority geography (UK); Product compatibility match: Rice; Product compatibility match: Turmeric; Single stakeholder engaged; Medium stakeholder seniority (Director/Manager)
205,a9a3ce45-188f-4f43-805f-4d615e6cc114,Company_a9a3ce45,2.1,Unqualified,High,Active website present; Average Google Maps rating (3.9); Partial industry match (Construction); Serviceable geography (Saudi Arabia); Product compatibility match: Rice; Strong operational certifications (WHO-GMP/ISO/FDA); Active hiring in operations/logistics; High pricing page visits; Review site comparison activity; Import gap detected (supplier switch possible); Single stakeholder engaged; High stakeholder seniority (C-level/VP)
206,927edc8c-f95e-49d0-9e10-bb29f3cc9b95,Company_927edc8c,0.1,T1,High,Partial industry match (Healthcare); Serviceable geography (Singapore); Product compatibility match: Rice; Product compatibility match: Ashwagandha; Explicit sourcing action (Quote requested); Broad buying committee (5 stakeholders); High stakeholder seniority (C-level/VP)
207,6cfd73e6-b157-42b7-a703-943df9947bab,Company_6cfd73e6,9.0,Unqualified,High,Active website present; Average Google Maps rating (3.9); Strong industry match (Retail); Serviceable geography (Netherlands); No priority products found in portfolio (Blankets|Textiles|Carpets); Active hiring in operations/logistics; Review site comparison activity; Single stakeholder engaged; High stakeholder seniority (C-level/VP)
208,33c5757c-a586-4092-b816-db189248ac9e,Company_33c5757c,41.9,T3,High,Active website present; Average Google Maps rating (3.3); Strong industry match (Wholesale); High priority geography (UK); No priority products found in portfolio (Textiles|Spices); Active hiring in operations/logistics; Review site comparison activity; Import gap detected (supplier switch possible); Business trigger event (Funding round); Single stakeholder engaged
209,0a7eef2d-bb15-4171-8e3c-8ffb672ab019,Company_0a7eef2d,0.0,Unqualified,High,Active website present; Average Google Maps rating (3.3); Partial industry match (Healthcare); Serviceable geography (India); Product compatibility match: Rice; High pricing page visits; Review site comparison activity; Single stakeholder engaged; High stakeholder seniority (C-level/VP); Hiring freeze/layoffs (–25%); No engagement in >180 days (–15%)
210,2ed91bf5-13d2-4634-8423-3c18ae754477,Company_2ed91bf5,21.4,T1,High,Active website present; Strong Google Maps rating (4.8); Significant number of reviews (>50); Partial industry match (Construction); High priority geography (USA); Product compatibility match: Rice; Product compatibility match: Turmeric; Strong operational certifications (WHO-GMP/ISO/FDA); Active hiring in operations/logistics; Explicit sourcing action (RFP published); Sustained topic surge (5 topics); Business trigger event (New facility); Broad buying committee (3 stakeholders)
211,5c794296-63c7-4da4-9f36-6a1af88ee8db,Company_5c794296,0.3,Unqualified,High,Active website present; Average Google Maps rating (3.8); Partial industry match (Construction); High priority geography (Germany); No priority products found in portfolio (Quilts|Blankets); Broad buying committee (4 stakeholders)
212,2fb8f2a7-e1eb-4db4-86c3-c85359c72fca,Company_2fb8f2a7,15.2,Unqualified,High,Partial industry match (Healthcare); Serviceable geography (Qatar); Product compatibility match: Ashwagandha; Strong operational certifications (WHO-GMP/ISO/FDA); Review site comparison activity; Single stakeholder engaged; High stakeholder seniority (C-level/VP); Active competitor contract (–40%)
213,eb5b9ac4-a23b-4836-9bbe-46abfa6fa884,Company_eb5b9ac4,0.0,Unqualified,High,Partial industry match (Construction); Serviceable geography (Singapore); Product compatibility match: Rice; Single stakeholder engaged
214,07ac3752-f764-4b99-a0d8-5474da8900b0,Company_07ac3752,18.3,Unqualified,High,Active website present; Strong Google Maps rating (4.2); Significant number of reviews (>50); Strong industry match (Retail); Serviceable geography (UAE); Product compatibility match: Rice; Sustained topic surge (3 topics); Review site comparison activity; Business trigger event (Funding round); Single stakeholder engaged; Medium stakeholder seniority (Director/Manager)
215,3aff00a0-d98c-469c-9693-55ac714b13e6,Company_3aff00a0,15.0,Unqualified,High,Active website present; Partial industry match (Construction); Serviceable geography (India); Product compatibility match: Turmeric; Product compatibility match: Ashwagandha; Active hiring in operations/logistics; Minor topic surge (2 topics); Import gap detected (supplier switch possible); Single stakeholder engaged
216,fbd73d10-e578-4e87-b0df-fc9879b26cd9,Company_fbd73d10,32.3,T3,High,Active website present; Strong Google Maps rating (4.5); Significant number of reviews (>50); Strong industry match (Distribution); Serviceable geography (Saudi Arabia); No priority products found in portfolio (Carpets); Strong operational certifications (WHO-GMP/ISO/FDA); Minor topic surge (2 topics); High pricing page visits; Review site comparison activity; Import gap detected (supplier switch possible); Single stakeholder engaged
217,697c3c26-ebd8-42c3-adbb-8d894a9adb5e,Company_697c3c26,0.0,Unqualified,High,Active website present; Average Google Maps rating (3.4); Strong industry match (Retail); Serviceable geography (Qatar); Product compatibility match: Ashwagandha; Import gap detected (supplier switch possible); Single stakeholder engaged; Medium stakeholder seniority (Director/Manager)
218,1ecf9848-0bae-401b-8248-9f60c2a4b8c6,Company_1ecf9848,2.6,Unqualified,High,Active website present; Strong industry match (Distribution); High priority geography (USA); Product compatibility match: Turmeric; Product compatibility match: Rice; Sustained topic surge (5 topics); Broad buying committee (5 stakeholders); Medium stakeholder seniority (Director/Manager)
219,c5d462e7-6789-4f1b-85c9-cb49c147cd1f,Company_c5d462e7,12.6,Unqualified,High,Active website present; Partial industry match (E-commerce); Serviceable geography (Netherlands); No priority products found in portfolio (Quilts|Carpets); Strong operational certifications (WHO-GMP/ISO/FDA); High pricing page visits; Review site comparison activity; Broad buying committee (5 stakeholders); Active competitor contract (–40%)
220,fda355e4-2243-40d7-b260-78299ab8ba3d,Company_fda355e4,0.0,Unqualified,High,Active website present; Average Google Maps rating (3.2); Partial industry match (E-commerce); High priority geography (Germany); No priority products found in portfolio (Blankets); Active hiring in operations/logistics; Review site comparison activity; Business trigger event (M&A); Single stakeholder engaged; High stakeholder seniority (C-level/VP); No engagement in >180 days (–15%)
221,cd09b6d1-82c9-42f0-924d-548154f5ee0e,Company_cd09b6d1,7.4,Unqualified,High,Active website present; Average Google Maps rating (3.3); Partial industry match (E-commerce); Serviceable geography (Saudi Arabia); No priority products found in portfolio (Quilts|Blankets); High pricing page visits; Single stakeholder engaged; High stakeholder seniority (C-level/VP)
222,6930b77b-f4d5-4ede-8c6f-9e0987909b88,Company_6930b77b,0.0,Unqualified,High,Partial industry match (Construction); Serviceable geography (India); No priority products found in portfolio (Spices|Electronics); Multiple stakeholders engaged (2); Medium stakeholder seniority (Director/Manager); Hiring freeze/layoffs (–25%)
223,e87ea3af-bfab-4183-9de0-a9cd1e571abe,Company_e87ea3af,10.2,Unqualified,High,Active website present; Partial industry match (Healthcare); Serviceable geography (Qatar); Product compatibility match: Turmeric; Review site comparison activity; Single stakeholder engaged; High stakeholder seniority (C-level/VP)
224,fcf881cc-edcc-4a4e-8390-3aa97ca8e4f1,Company_fcf881cc,4.5,Unqualified,High,Strong industry match (Retail); Serviceable geography (Saudi Arabia); Product compatibility match: Turmeric; Product compatibility match: Rice; Product compatibility match: Ashwagandha; Single stakeholder engaged; Medium stakeholder seniority (Director/Manager)
225,5cb955eb-0543-4a05-af1e-909c741bc04a,Company_5cb955eb,1.2,Unqualified,High,Active website present; Average Google Maps rating (3.3); Partial industry match (Construction); High priority geography (France); No priority products found in portfolio (Carpets); Strong operational certifications (WHO-GMP/ISO/FDA); Active hiring in operations/logistics; High pricing page visits; Import gap detected (supplier switch possible); Business trigger event (New facility); Broad buying committee (4 stakeholders); High stakeholder seniority (C-level/VP); Active competitor contract (–40%)
226,a4d6e247-2935-4966-b59a-d6e84d0aba0f,Company_a4d6e247,6.3,Unqualified,High,Active website present; Average Google Maps rating (3.8); Strong industry match (Retail); Serviceable geography (Singapore); Product compatibility match: Rice; Product compatibility match: Ashwagandha; Product compatibility match: Turmeric; Active hiring in operations/logistics; Sustained topic surge (4 topics); Business trigger event (M&A); Single stakeholder engaged; High stakeholder seniority (C-level/VP); Hiring freeze/layoffs (–25%); Financial distress (–20%)
227,780d17ea-bb18-4ccf-9a52-beacb53c7059,Company_780d17ea,0.0,Unqualified,High,Active website present; Average Google Maps rating (3.6); Strong industry match (Distribution); Serviceable geography (Netherlands); Product compatibility match: Rice; Minor topic surge (2 topics); Business trigger event (Funding round); Single stakeholder engaged; Medium stakeholder seniority (Director/Manager)
228,f81f3453-91bc-491e-bb7b-8f326e9e349c,Company_f81f3453,2.1,Unqualified,High,Partial industry match (Healthcare); Serviceable geography (UAE); No priority products found in portfolio (Quilts); Single stakeholder engaged; Medium stakeholder seniority (Director/Manager); Active competitor contract (–40%)
229,ca7b2d82-421d-464f-855b-19c5d65a34ce,Company_ca7b2d82,0.3,Unqualified,High,Active website present; Strong industry match (Distribution); Serviceable geography (Netherlands); Product compatibility match: Ashwagandha; Strong operational certifications (WHO-GMP/ISO/FDA); Sustained topic surge (5 topics); Broad buying committee (5 stakeholders); Medium stakeholder seniority (Director/Manager); Financial distress (–20%)
230,a541552b-cccd-4d22-aa24-e87d3e3a16cd,Company_a541552b,3.3,T1,High,Active website present; Partial industry match (Construction); Serviceable geography (UAE); No priority products found in portfolio (Blankets); Strong operational certifications (WHO-GMP/ISO/FDA); Explicit sourcing action (Quote requested); High pricing page visits; Broad buying committee (3 stakeholders); Medium stakeholder seniority (Director/Manager)
231,f1e53fad-2587-4b58-a7f0-0de8922f5c6a,Company_f1e53fad,0.4,Unqualified,High,Active website present; Average Google Maps rating (3.1); Partial industry match (Manufacturing); High priority geography (UK); No priority products found in portfolio (Quilts|Electronics|Textiles); Single stakeholder engaged
232,3c6d59bc-3117-4fa1-a9ab-ec6f3c432af3,Company_3c6d59bc,7.6,Unqualified,High,Partial industry match (E-commerce); Serviceable geography (Qatar); No priority products found in portfolio (Carpets); High pricing page visits; Review site comparison activity; Broad buying committee (5 stakeholders); High stakeholder seniority (C-level/VP)
233,fd98526e-5247-40d2-98b8-9925e30e2b24,Company_fd98526e,6.3,Unqualified,High,Active website present; Average Google Maps rating (3.6); Partial industry match (Construction); High priority geography (UK); No priority products found in portfolio (Carpets|Spices); Single stakeholder engaged; Medium stakeholder seniority (Director/Manager)
234,bbcb2510-4a56-4cf0-95ae-bcd1f12cec83,Company_bbcb2510,0.0,Unqualified,High,Strong industry match (Retail); High priority geography (USA); No priority products found in portfolio (Spices); Import gap detected (supplier switch possible); Single stakeholder engaged; High stakeholder seniority (C-level/VP)
235,27f28422-1082-4c6b-a4c4-2852bf07dfc0,Company_27f28422,1.0,Unqualified,High,Active website present; Average Google Maps rating (3.3); Partial industry match (Construction); Serviceable geography (Qatar); No priority products found in portfolio (Blankets); Strong operational certifications (WHO-GMP/ISO/FDA); Minor topic surge (1 topics); High pricing page visits; Import gap detected (supplier switch possible); Business trigger event (M&A); Single stakeholder engaged; High stakeholder seniority (C-level/VP)
236,3c2983a8-7e7d-43a4-9934-109cf26c4210,Company_3c2983a8,0.4,Unqualified,High,Average Google Maps rating (3.0); Strong industry match (Distribution); Serviceable geography (Qatar); No priority products found in portfolio (Quilts); Import gap detected (supplier switch possible); Broad buying committee (3 stakeholders)
237,6e516696-078c-49cd-a1a2-a1ebc7138540,Company_6e516696,0.1,Unqualified,High,Active website present; Average Google Maps rating (3.3); Strong industry match (Distribution); High priority geography (France); Product compatibility match: Rice; Single stakeholder engaged; Medium stakeholder seniority (Director/Manager); Active competitor contract (–40%)
238,4e54384f-2f59-4362-91af-de4440805458,Company_4e54384f,0.0,Unqualified,High,Strong industry match (Distribution); High priority geography (USA); No priority products found in portfolio (Electronics|Textiles); Active hiring in operations/logistics; Single stakeholder engaged; Medium stakeholder seniority (Director/Manager)
239,ace3ef73-3e01-44fd-a76e-87447c55f599,Company_ace3ef73,1.0,Unqualified,High,Partial industry match (E-commerce); High priority geography (UK); Product compatibility match: Turmeric; Single stakeholder engaged; High stakeholder seniority (C-level/VP)
240,50fbe216-b064-46cf-980e-d2036e7b3cc4,Company_50fbe216,0.2,Unqualified,High,Active website present; Strong Google Maps rating (4.2); Significant number of reviews (>50); Partial industry match (Manufacturing); High priority geography (UK); Product compatibility match: Ashwagandha; Active hiring in operations/logistics; High pricing page visits; Review site comparison activity; Business trigger event (Funding round); Single stakeholder engaged; High stakeholder seniority (C-level/VP); Active competitor contract (–40%)
241,73235e04-fc84-4e27-b149-6d92cd3727a7,Company_73235e04,3.6,Unqualified,High,Partial industry match (Healthcare); Serviceable geography (Netherlands); Product compatibility match: Rice; High pricing page visits; Single stakeholder engaged
242,27daed62-c37d-494e-a455-4b24adb777f4,Company_27daed62,0.1,Unqualified,High,Average Google Maps rating (3.9); Strong industry match (Wholesale); High priority geography (USA); Product compatibility match: Ashwagandha; Product compatibility match: Turmeric; Minor topic surge (2 topics); Business trigger event (New facility); Single stakeholder engaged; High stakeholder seniority (C-level/VP)
243,02c3cdab-3a4e-4ca7-8e1c-4afed7275778,Company_02c3cdab,1.5,Unqualified,High,Partial industry match (E-commerce); High priority geography (France); Product compatibility match: Ashwagandha; Single stakeholder engaged; Medium stakeholder seniority (Director/Manager)
244,1319dcf9-f8e2-4f77-a7b0-f06fd5a1718e,Company_1319dcf9,4.1,Unqualified,High,Active website present; Average Google Maps rating (3.4); Partial industry match (Construction); Serviceable geography (UAE); No priority products found in portfolio (Textiles|Electronics); Strong operational certifications (WHO-GMP/ISO/FDA); Single stakeholder engaged
245,5599b017-25b8-4caf-b4bf-d6b560fad8ed,Company_5599b017,2.5,Unqualified,High,Active website present; Average Google Maps rating (3.4); Partial industry match (Healthcare); Serviceable geography (Saudi Arabia); Product compatibility match: Ashwagandha; Sustained topic surge (3 topics); Import gap detected (supplier switch possible); Business trigger event (Funding round); Single stakeholder engaged
246,6ce81bae-8a5d-4c10-8df9-b5f78487ad35,Company_6ce81bae,46.6,T2,High,Active website present; Strong Google Maps rating (4.6); Significant number of reviews (>50); Partial industry match (Manufacturing); High priority geography (Germany); No priority products found in portfolio (Electronics); Active hiring in operations/logistics; Sustained topic surge (3 topics); Review site comparison activity; Import gap detected (supplier switch possible); Business trigger event (Funding round); Single stakeholder engaged
247,b6a4bfe0-214b-4120-9947-b0c5ce496431,Company_b6a4bfe0,0.0,Unqualified,High,Active website present; Partial industry match (Construction); Serviceable geography (Singapore); No priority products found in portfolio (Quilts); Sustained topic surge (3 topics); Review site comparison activity; Broad buying committee (5 stakeholders); Medium stakeholder seniority (Director/Manager); No engagement in >180 days (–15%)
248,8eb807b9-b4ae-403a-809d-b38f2f207f73,Company_8eb807b9,0.0,Unqualified,High,Active website present; Average Google Maps rating (3.0); Partial industry match (Construction); Serviceable geography (Saudi Arabia); Product compatibility match: Rice; Product compatibility match: Turmeric; Active hiring in operations/logistics; Minor topic surge (1 topics); High pricing page visits; Review site comparison activity; Business trigger event (M&A); Multiple stakeholders engaged (2); High stakeholder seniority (C-level/VP)
249,13dea57c-4fbe-4be7-842b-043af0ffa204,Company_13dea57c,4.0,Unqualified,High,Strong industry match (Wholesale); High priority geography (USA); Product compatibility match: Rice; Single stakeholder engaged
250,a158c003-7cc0-4401-8402-1b0dfca8f918,Company_a158c003,0.1,T1,High,Active website present; Average Google Maps rating (3.3); Strong industry match (Distribution); High priority geography (UK); No priority products found in portfolio (Quilts); Explicit sourcing action (RFP published); High pricing page visits; Single stakeholder engaged
251,6fd4156d-0496-4063-b101-72bf9f8b3831,Company_6fd4156d,0.4,Unqualified,High,Partial industry match (Construction); Serviceable geography (Singapore); No priority products found in portfolio (Spices|Blankets|Textiles); Strong operational certifications (WHO-GMP/ISO/FDA); Multiple stakeholders engaged (2); High stakeholder seniority (C-level/VP)
252,120467df-4360-46ce-bf4b-ed897486a588,Company_120467df,0.7,Unqualified,High,Active website present; Partial industry match (Construction); Serviceable geography (Netherlands); Product compatibility match: Turmeric; Active hiring in operations/logistics; Business trigger event (Funding round); Multiple stakeholders engaged (2); High stakeholder seniority (C-level/VP)
253,bc3ac2fd-be8c-42bb-9d03-f1c214d01bbf,Company_bc3ac2fd,19.5,T1,High,Active website present; Partial industry match (E-commerce); Serviceable geography (India); No priority products found in portfolio (Textiles|Electronics); Active hiring in operations/logistics; Explicit sourcing action (RFP published); Single stakeholder engaged; Medium stakeholder seniority (Director/Manager)
254,e31dbaa8-3ae6-430a-86f7-a8ca5311b2f6,Company_e31dbaa8,32.2,T3,High,Active website present; Average Google Maps rating (3.3); Strong industry match (Wholesale); Serviceable geography (Netherlands); Product compatibility match: Ashwagandha; Strong operational certifications (WHO-GMP/ISO/FDA); Active hiring in operations/logistics; Sustained topic surge (4 topics); Import gap detected (supplier switch possible); Broad buying committee (3 stakeholders); Active competitor contract (–40%)
255,cad6b4ee-fb86-4137-be04-6e9ddec943d8,Company_cad6b4ee,11.0,Unqualified,High,Average Google Maps rating (3.9); Strong industry match (Retail); Serviceable geography (UAE); No priority products found in portfolio (Spices); Sustained topic surge (4 topics); High pricing page visits; Business trigger event (New facility); Multiple stakeholders engaged (2)
256,9c008c3e-d792-4dea-ac9d-eb8fcd6e3aa1,Company_9c008c3e,0.0,Unqualified,High,Strong industry match (Wholesale); Serviceable geography (Qatar); Product compatibility match: Turmeric; Single stakeholder engaged; High stakeholder seniority (C-level/VP)
257,5166566a-1ea6-4106-acad-abe4f5bd5f22,Company_5166566a,3.8,Unqualified,High,Partial industry match (E-commerce); High priority geography (UK); No priority products found in portfolio (Blankets|Textiles); Single stakeholder engaged; Medium stakeholder seniority (Director/Manager)
258,378d886b-7858-4319-95ff-b4fc9a10ab97,Company_378d886b,1.7,Unqualified,High,Active website present; Strong Google Maps rating (4.7); Significant number of reviews (>50); Partial industry match (Manufacturing); Serviceable geography (Singapore); Product compatibility match: Ashwagandha; Active hiring in operations/logistics; Sustained topic surge (4 topics); High pricing page visits; Review site comparison activity; Business trigger event (Funding round); Broad buying committee (3 stakeholders); High stakeholder seniority (C-level/VP)
259,6d466524-8e21-4d7c-80ab-e7293c27b301,Company_6d466524,25.0,T3,High,Active website present; Strong Google Maps rating (4.5); Significant number of reviews (>50); Partial industry match (E-commerce); High priority geography (UK); No priority products found in portfolio (Electronics|Blankets|Carpets); High pricing page visits; Review site comparison activity; Import gap detected (supplier switch possible); Business trigger event (M&A); Broad buying committee (4 stakeholders); Medium stakeholder seniority (Director/Manager)
260,b79e9fbe-f9b3-4f63-823d-12b564bf3176,Company_b79e9fbe,14.5,Unqualified,High,Active website present; Average Google Maps rating (3.4); Strong industry match (Retail); Serviceable geography (Saudi Arabia); Product compatibility match: Ashwagandha; Active hiring in operations/logistics; Sustained topic surge (3 topics); High pricing page visits; Review site comparison activity; Single stakeholder engaged; Medium stakeholder seniority (Director/Manager)
261,35931a47-fc03-452b-904d-0638f566f8be,Company_35931a47,10.4,Unqualified,High,Partial industry match (E-commerce); Serviceable geography (India); Product compatibility match: Turmeric; Single stakeholder engaged
262,2f6e23cd-47c9-4f52-8786-7f0093f40dfb,Company_2f6e23cd,53.3,T2,High,Active website present; Average Google Maps rating (3.4); Partial industry match (Healthcare); High priority geography (USA); Product compatibility match: Ashwagandha; Active hiring in operations/logistics; High pricing page visits; Review site comparison activity; Import gap detected (supplier switch possible); Broad buying committee (4 stakeholders); Medium stakeholder seniority (Director/Manager)
263,718274f0-d66b-440a-9f45-582bc3ec751e,Company_718274f0,3.1,T1,High,Active website present; Average Google Maps rating (3.7); Partial industry match (Healthcare); Serviceable geography (Saudi Arabia); No priority products found in portfolio (Quilts); Strong operational certifications (WHO-GMP/ISO/FDA); Explicit sourcing action (Quote requested); Broad buying committee (3 stakeholders); Medium stakeholder seniority (Director/Manager)
264,cc9774c5-a0dc-4337-893a-0f48b2aad771,Company_cc9774c5,0.1,Unqualified,High,Strong industry match (Distribution); High priority geography (USA); Product compatibility match: Rice; Single stakeholder engaged; High stakeholder seniority (C-level/VP)
265,ab3a4dd5-3c92-4c63-a9e1-f43f347cd553,Company_ab3a4dd5,0.1,Unqualified,High,Strong industry match (Wholesale); Serviceable geography (Netherlands); No priority products found in portfolio (Carpets); Single stakeholder engaged; Active competitor contract (–40%)
266,5695a005-45a3-4be8-a243-f2165e88a396,Company_5695a005,10.0,Unqualified,High,Active website present; Average Google Maps rating (3.2); Partial industry match (Healthcare); Serviceable geography (UAE); Product compatibility match: Rice; Minor topic surge (1 topics); Broad buying committee (4 stakeholders); Medium stakeholder seniority (Director/Manager)
267,d1ad235c-8bb4-44d7-91b6-333d25a3d290,Company_d1ad235c,0.1,Unqualified,High,Strong industry match (Distribution); Serviceable geography (UAE); No priority products found in portfolio (Spices); Import gap detected (supplier switch possible); Single stakeholder engaged
268,6a836937-a79b-4120-be17-bde3c6d5415c,Company_6a836937,67.1,T1,High,Active website present; Strong Google Maps rating (4.4); Significant number of reviews (>50); Strong industry match (Distribution); Serviceable geography (Singapore); No priority products found in portfolio (Carpets); Active hiring in operations/logistics; Explicit sourcing action (Quote requested); Sustained topic surge (4 topics); High pricing page visits; Review site comparison activity; Business trigger event (Funding round); Broad buying committee (5 stakeholders); High stakeholder seniority (C-level/VP)
269,cb9bd4db-c9a5-4c86-85a0-490e53d1a99f,Company_cb9bd4db,2.7,Unqualified,High,Active website present; Average Google Maps rating (3.3); Partial industry match (Construction); Serviceable geography (UAE); No priority products found in portfolio (Blankets); High pricing page visits; Business trigger event (M&A); Single stakeholder engaged; High stakeholder seniority (C-level/VP)
270,5a89ef14-48a0-4966-9bf0-ab6b6c92450f,Company_5a89ef14,0.0,Unqualified,High,Partial industry match (Manufacturing); Serviceable geography (Saudi Arabia); Product compatibility match: Turmeric; Multiple stakeholders engaged (2); Hiring freeze/layoffs (–25%)
271,b4db6d77-e4b6-46ff-a916-50b07f4388e8,Company_b4db6d77,0.2,T1,High,Average Google Maps rating (3.5); Partial industry match (Construction); Serviceable geography (India); No priority products found in portfolio (Blankets|Textiles); Active hiring in operations/logistics; Explicit sourcing action (Quote requested); High pricing page visits; Business trigger event (New facility); Broad buying committee (4 stakeholders); High stakeholder seniority (C-level/VP)
272,783a99f7-ebd1-4713-83aa-cb68a6171a71,Company_783a99f7,11.3,Unqualified,High,Active website present; Average Google Maps rating (3.3); Strong industry match (Wholesale); High priority geography (UK); No priority products found in portfolio (Carpets|Blankets); Strong operational certifications (WHO-GMP/ISO/FDA); Review site comparison activity; Single stakeholder engaged
273,3e5b5ef0-a887-4192-b18d-ac3e1dfd42a9,Company_3e5b5ef0,36.7,T3,High,Strong Google Maps rating (4.6); Significant number of reviews (>50); Strong industry match (Wholesale); Serviceable geography (Qatar); No priority products found in portfolio (Quilts); Strong operational certifications (WHO-GMP/ISO/FDA); Minor topic surge (1 topics); High pricing page visits; Review site comparison activity; Import gap detected (supplier switch possible); Business trigger event (Funding round); Single stakeholder engaged; High stakeholder seniority (C-level/VP)
274,1a122f66-53ee-4a3a-a147-5843f85be367,Company_1a122f66,5.0,Unqualified,High,Active website present; Average Google Maps rating (3.5); Partial industry match (Construction); Serviceable geography (Qatar); No priority products found in portfolio (Quilts|Blankets|Carpets); Active hiring in operations/logistics; Sustained topic surge (4 topics); Review site comparison activity; Single stakeholder engaged; Medium stakeholder seniority (Director/Manager)
275,b58e62f0-2efd-441c-92b3-36b41e69bd8f,Company_b58e62f0,0.3,Unqualified,High,Active website present; Average Google Maps rating (3.9); Strong industry match (Wholesale); Serviceable geography (Qatar); No priority products found in portfolio (Quilts|Blankets); Basic operational certifications present; Business trigger event (New facility); Broad buying committee (5 stakeholders)
276,1650f7f1-8226-472b-be98-a2f60c3b7c34,Company_1650f7f1,32.6,T1,High,Active website present; Strong Google Maps rating (4.5); Significant number of reviews (>50); Partial industry match (Healthcare); High priority geography (Germany); No priority products found in portfolio (Carpets); Basic operational certifications present; Explicit sourcing action (Quote requested); Sustained topic surge (5 topics); Review site comparison activity; Import gap detected (supplier switch possible); Broad buying committee (3 stakeholders)
277,0f6121b5-8dc0-4216-b0c5-682fc29dd7b5,Company_0f6121b5,8.0,Unqualified,High,Active website present; Average Google Maps rating (3.9); Partial industry match (E-commerce); High priority geography (UK); No priority products found in portfolio (Quilts|Spices); Active hiring in operations/logistics; Sustained topic surge (4 topics); Review site comparison activity; Import gap detected (supplier switch possible); Single stakeholder engaged; Active competitor contract (–40%)
278,6a5aa31d-932d-4156-b190-6caf9cd9f527,Company_6a5aa31d,31.7,T3,High,Active website present; Strong Google Maps rating (4.8); Significant number of reviews (>50); Strong industry match (Retail); High priority geography (France); Product compatibility match: Turmeric; Minor topic surge (2 topics); Review site comparison activity; Broad buying committee (3 stakeholders); High stakeholder seniority (C-level/VP)
279,7edb248a-a5f8-46de-9723-d62f31969fda,Company_7edb248a,0.0,Unqualified,High,Active website present; Average Google Maps rating (3.3); Partial industry match (E-commerce); High priority geography (France); Product compatibility match: Turmeric; Strong operational certifications (WHO-GMP/ISO/FDA); Active hiring in operations/logistics; High pricing page visits; Single stakeholder engaged
280,67e972ee-150c-49b6-b36f-c9d6cc0f7f59,Company_67e972ee,0.0,Unqualified,High,Partial industry match (Healthcare); High priority geography (USA); Product compatibility match: Turmeric; Product compatibility match: Ashwagandha; Single stakeholder engaged; Medium stakeholder seniority (Director/Manager)
281,fed8665d-fb44-4438-8fbf-a9d6fc544de9,Company_fed8665d,14.7,T1,High,Active website present; Strong Google Maps rating (4.8); Significant number of reviews (>50); Strong industry match (Distribution); Serviceable geography (Saudi Arabia); Product compatibility match: Turmeric; Active hiring in operations/logistics; Explicit sourcing action (RFP published); Review site comparison activity; Single stakeholder engaged; High stakeholder seniority (C-level/VP); Financial distress (–20%)
282,c9962058-69f5-44e7-837b-7658b8a83385,Company_c9962058,13.0,Unqualified,High,Active website present; Strong industry match (Distribution); Serviceable geography (UAE); Product compatibility match: Rice; Business trigger event (M&A); Single stakeholder engaged; Medium stakeholder seniority (Director/Manager)
283,3b34b767-3526-4da8-91bb-f5af4a58b4ca,Company_3b34b767,0.0,Unqualified,High,Active website present; Average Google Maps rating (3.7); Strong industry match (Distribution); High priority geography (Germany); No priority products found in portfolio (Textiles); Import gap detected (supplier switch possible); Multiple stakeholders engaged (2); Medium stakeholder seniority (Director/Manager)
284,2fe23733-ddd0-4e4d-a465-644623833a66,Company_2fe23733,43.2,T3,High,Active website present; Strong Google Maps rating (4.5); Significant number of reviews (>50); Strong industry match (Distribution); Serviceable geography (Qatar); Product compatibility match: Turmeric; Basic operational certifications present; Active hiring in operations/logistics; Review site comparison activity; Import gap detected (supplier switch possible); Business trigger event (Funding round); Single stakeholder engaged; High stakeholder seniority (C-level/VP)
285,5df31275-8c8f-495c-ab94-aa888e28d892,Company_5df31275,19.2,T1,High,Strong Google Maps rating (4.1); Significant number of reviews (>50); Strong industry match (Retail); Serviceable geography (UAE); No priority products found in portfolio (Spices|Quilts); Strong operational certifications (WHO-GMP/ISO/FDA); Explicit sourcing action (RFP published); High pricing page visits; Review site comparison activity; Business trigger event (New facility); Single stakeholder engaged
286,6c07aab0-4db7-4b46-ad93-a4273a6a03cc,Company_6c07aab0,8.5,Unqualified,High,Average Google Maps rating (3.2); Partial industry match (E-commerce); High priority geography (USA); No priority products found in portfolio (Spices); Strong operational certifications (WHO-GMP/ISO/FDA); Active hiring in operations/logistics; Sustained topic surge (3 topics); High pricing page visits; Multiple stakeholders engaged (2)
287,642ad5bb-3e50-4d2b-bec3-69b270ed4721,Company_642ad5bb,15.5,Unqualified,High,Active website present; Average Google Maps rating (3.9); Partial industry match (E-commerce); Serviceable geography (India); Product compatibility match: Rice; Basic operational certifications present; High pricing page visits; Review site comparison activity; Business trigger event (New facility); Single stakeholder engaged; Medium stakeholder seniority (Director/Manager)
288,1d53fe32-61bd-4859-a78a-de35d61c23be,Company_1d53fe32,14.7,Unqualified,High,Active website present; Strong Google Maps rating (4.5); Significant number of reviews (>50); Partial industry match (Construction); High priority geography (France); Product compatibility match: Rice; Basic operational certifications present; Active hiring in operations/logistics; Minor topic surge (1 topics); High pricing page visits; Import gap detected (supplier switch possible); Business trigger event (New facility); Broad buying committee (5 stakeholders); High stakeholder seniority (C-level/VP); Active competitor contract (–40%)
289,de11ea20-dd0a-4faf-8c9e-11e12c679676,Company_de11ea20,36.2,T3,High,Active website present; Strong Google Maps rating (4.3); Significant number of reviews (>50); Partial industry match (Manufacturing); High priority geography (USA); No priority products found in portfolio (Textiles); Active hiring in operations/logistics; Review site comparison activity; Import gap detected (supplier switch possible); Business trigger event (Funding round); Broad buying committee (3 stakeholders)
290,60704b3a-e897-4248-86b7-f823d621cfec,Company_60704b3a,0.0,Unqualified,High,Average Google Maps rating (3.0); Strong industry match (Retail); High priority geography (USA); Product compatibility match: Ashwagandha; Strong operational certifications (WHO-GMP/ISO/FDA); Sustained topic surge (4 topics); High pricing page visits; Import gap detected (supplier switch possible); Single stakeholder engaged; Medium stakeholder seniority (Director/Manager)
291,38b6d788-874e-4d8e-81a1-c2acf8b9ce42,Company_38b6d788,10.4,Unqualified,High,Active website present; Average Google Maps rating (3.6); Strong industry match (Wholesale); Serviceable geography (Singapore); No priority products found in portfolio (Carpets|Quilts|Spices); Sustained topic surge (5 topics); Review site comparison activity; Broad buying committee (4 stakeholders); Medium stakeholder seniority (Director/Manager)
292,11725e53-53bd-4fe2-b8e1-7efa98dbd370,Company_11725e53,0.4,Unqualified,High,Active website present; Average Google Maps rating (3.7); Strong industry match (Wholesale); Serviceable geography (UAE); No priority products found in portfolio (Spices|Textiles); Broad buying committee (4 stakeholders)
293,d7ee2348-51d3-4049-a795-e3ef7918e563,Company_d7ee2348,0.3,Unqualified,High,Active website present; Average Google Maps rating (3.1); Partial industry match (E-commerce); High priority geography (France); Product compatibility match: Rice; Strong operational certifications (WHO-GMP/ISO/FDA); Minor topic surge (1 topics); Review site comparison activity; Business trigger event (Funding round); Multiple stakeholders engaged (2); Hiring freeze/layoffs (–25%)
294,e30b9e0c-4b8d-45a8-8aad-32cd87d9f4fd,Company_e30b9e0c,0.4,T1,High,Partial industry match (Healthcare); High priority geography (Germany); Product compatibility match: Rice; Product compatibility match: Turmeric; Explicit sourcing action (Quote requested); Single stakeholder engaged; Medium stakeholder seniority (Director/Manager); Active competitor contract (–40%)
295,5f29ce57-028e-4f4b-b7a8-7e885e6fccf8,Company_5f29ce57,10.1,Unqualified,High,Strong industry match (Wholesale); Serviceable geography (Qatar); Product compatibility match: Turmeric; High pricing page visits; Single stakeholder engaged; High stakeholder seniority (C-level/VP)
296,382cc958-c186-449a-a2af-7fc2848c89c8,Company_382cc958,0.0,Unqualified,High,Average Google Maps rating (3.2); Strong industry match (Distribution); Serviceable geography (UAE); Product compatibility match: Turmeric; Product compatibility match: Ashwagandha; Basic operational certifications present; Active hiring in operations/logistics; Minor topic surge (1 topics); Import gap detected (supplier switch possible); Single stakeholder engaged; Medium stakeholder seniority (Director/Manager); No engagement in >180 days (–15%)
297,f8f852b8-2042-4c2e-a9c4-146487f7f318,Company_f8f852b8,25.1,T3,High,Active website present; Partial industry match (Healthcare); Serviceable geography (UAE); Product compatibility match: Rice; Minor topic surge (2 topics); High pricing page visits; Business trigger event (M&A); Broad buying committee (5 stakeholders)
298,8fe0b6e7-ca1e-44d6-9ab5-71ad4f7a7701,Company_8fe0b6e7,13.1,Unqualified,High,Active website present; Average Google Maps rating (3.2); Partial industry match (Construction); Serviceable geography (Saudi Arabia); Product compatibility match: Turmeric; Sustained topic surge (5 topics); High pricing page visits; Import gap detected (supplier switch possible); Broad buying committee (5 stakeholders); Medium stakeholder seniority (Director/Manager)
299,06b91a46-8a86-4104-b3e5-bb1b8a5d9566,Company_06b91a46,22.0,T3,High,Strong Google Maps rating (4.4); Significant number of reviews (>50); Partial industry match (Manufacturing); High priority geography (Germany); Product compatibility match: Ashwagandha; Active hiring in operations/logistics; Sustained topic surge (3 topics); High pricing page visits; Review site comparison activity; Import gap detected (supplier switch possible); Single stakeholder engaged; Medium stakeholder seniority (Director/Manager); Hiring freeze/layoffs (–25%)
300,1b9201e2-cf29-4425-89fb-b31052315eb6,Company_1b9201e2,4.8,Unqualified,High,Partial industry match (Construction); High priority geography (USA); Product compatibility match: Turmeric; Minor topic surge (1 topics); Single stakeholder engaged
